gap_id,registry_id,target_group,required_ctest_labels,evidence_artifacts,implementation_refs_required,closure_rule,status
SB-PUBLIC-GAP-0040,SB-SPEC-IMPLEMENTATION-0071,parser_v3_closure,parser_v3_management_syntax_gate;parser_profile_authority_gate;parser_v3_closure_gate;sblr_operation_matrix_gate;sblr_lowering_runtime_gate;trusted_udr_bridge_gate;parser_diagnostics_security_gate;parser_conformance_oracle_gate;parser_cache_invalidation_gate,artifacts/PARSER_PROFILE_CLOSURE_MODEL.md;artifacts/P1_PARSER_PROFILE_CLOSURE_EVIDENCE.md,project/src/parsers;project/src/engine/sblr;project/src/udr;project/tests/sbsql_parser_worker,Parser V3/profile target row is implemented in full with parser/SBLR/UDR/diagnostic/security/conformance gate evidence,implemented_in_full
SB-PUBLIC-GAP-0041,SB-SPEC-IMPLEMENTATION-0072,parser_v3_closure,parser_v3_management_syntax_gate;parser_profile_authority_gate;parser_v3_closure_gate;sblr_operation_matrix_gate;sblr_lowering_runtime_gate;trusted_udr_bridge_gate;parser_diagnostics_security_gate;parser_conformance_oracle_gate;parser_cache_invalidation_gate,artifacts/PARSER_PROFILE_CLOSURE_MODEL.md;artifacts/P1_PARSER_PROFILE_CLOSURE_EVIDENCE.md,project/src/parsers;project/src/engine/sblr;project/src/udr;project/tests/sbsql_parser_worker,Parser V3/profile target row is implemented in full with parser/SBLR/UDR/diagnostic/security/conformance gate evidence,implemented_in_full
SB-PUBLIC-GAP-0042,SB-SPEC-IMPLEMENTATION-0073,parser_v3_closure,parser_v3_management_syntax_gate;parser_profile_authority_gate;parser_v3_closure_gate;sblr_operation_matrix_gate;sblr_lowering_runtime_gate;trusted_udr_bridge_gate;parser_diagnostics_security_gate;parser_conformance_oracle_gate;parser_cache_invalidation_gate,artifacts/PARSER_PROFILE_CLOSURE_MODEL.md;artifacts/P1_PARSER_PROFILE_CLOSURE_EVIDENCE.md,project/src/parsers;project/src/engine/sblr;project/src/udr;project/tests/sbsql_parser_worker,Parser V3/profile target row is implemented in full with parser/SBLR/UDR/diagnostic/security/conformance gate evidence,implemented_in_full
SB-PUBLIC-GAP-0043,SB-SPEC-IMPLEMENTATION-0074,parser_v3_closure,parser_v3_management_syntax_gate;parser_profile_authority_gate;parser_v3_closure_gate;sblr_operation_matrix_gate;sblr_lowering_runtime_gate;trusted_udr_bridge_gate;parser_diagnostics_security_gate;parser_conformance_oracle_gate;parser_cache_invalidation_gate,artifacts/PARSER_PROFILE_CLOSURE_MODEL.md;artifacts/P1_PARSER_PROFILE_CLOSURE_EVIDENCE.md,project/src/parsers;project/src/engine/sblr;project/src/udr;project/tests/sbsql_parser_worker,Parser V3/profile target row is implemented in full with parser/SBLR/UDR/diagnostic/security/conformance gate evidence,implemented_in_full
SB-PUBLIC-GAP-0044,SB-SPEC-IMPLEMENTATION-0075,parser_v3_closure,parser_v3_management_syntax_gate;parser_profile_authority_gate;parser_v3_closure_gate;sblr_operation_matrix_gate;sblr_lowering_runtime_gate;trusted_udr_bridge_gate;parser_diagnostics_security_gate;parser_conformance_oracle_gate;parser_cache_invalidation_gate,artifacts/PARSER_PROFILE_CLOSURE_MODEL.md;artifacts/P1_PARSER_PROFILE_CLOSURE_EVIDENCE.md,project/src/parsers;project/src/engine/sblr;project/src/udr;project/tests/sbsql_parser_worker,Parser V3/profile target row is implemented in full with parser/SBLR/UDR/diagnostic/security/conformance gate evidence,implemented_in_full
SB-PUBLIC-GAP-0045,SB-SPEC-IMPLEMENTATION-0076,parser_v3_closure,parser_v3_management_syntax_gate;parser_profile_authority_gate;parser_v3_closure_gate;sblr_operation_matrix_gate;sblr_lowering_runtime_gate;trusted_udr_bridge_gate;parser_diagnostics_security_gate;parser_conformance_oracle_gate;parser_cache_invalidation_gate,artifacts/PARSER_PROFILE_CLOSURE_MODEL.md;artifacts/P1_PARSER_PROFILE_CLOSURE_EVIDENCE.md,project/src/parsers;project/src/engine/sblr;project/src/udr;project/tests/sbsql_parser_worker,Parser V3/profile target row is implemented in full with parser/SBLR/UDR/diagnostic/security/conformance gate evidence,implemented_in_full
SB-PUBLIC-GAP-0046,SB-SPEC-IMPLEMENTATION-0077,parser_v3_closure,parser_v3_management_syntax_gate;parser_profile_authority_gate;parser_v3_closure_gate;sblr_operation_matrix_gate;sblr_lowering_runtime_gate;trusted_udr_bridge_gate;parser_diagnostics_security_gate;parser_conformance_oracle_gate;parser_cache_invalidation_gate,artifacts/PARSER_PROFILE_CLOSURE_MODEL.md;artifacts/P1_PARSER_PROFILE_CLOSURE_EVIDENCE.md,project/src/parsers;project/src/engine/sblr;project/src/udr;project/tests/sbsql_parser_worker,Parser V3/profile target row is implemented in full with parser/SBLR/UDR/diagnostic/security/conformance gate evidence,implemented_in_full
SB-PUBLIC-GAP-0047,SB-SPEC-IMPLEMENTATION-0078,parser_v3_closure,parser_v3_management_syntax_gate;parser_profile_authority_gate;parser_v3_closure_gate;sblr_operation_matrix_gate;sblr_lowering_runtime_gate;trusted_udr_bridge_gate;parser_diagnostics_security_gate;parser_conformance_oracle_gate;parser_cache_invalidation_gate,artifacts/PARSER_PROFILE_CLOSURE_MODEL.md;artifacts/P1_PARSER_PROFILE_CLOSURE_EVIDENCE.md,project/src/parsers;project/src/engine/sblr;project/src/udr;project/tests/sbsql_parser_worker,Parser V3/profile target row is implemented in full with parser/SBLR/UDR/diagnostic/security/conformance gate evidence,implemented_in_full
SB-PUBLIC-GAP-0048,SB-SPEC-IMPLEMENTATION-0079,parser_v3_closure,parser_v3_management_syntax_gate;parser_profile_authority_gate;parser_v3_closure_gate;sblr_operation_matrix_gate;sblr_lowering_runtime_gate;trusted_udr_bridge_gate;parser_diagnostics_security_gate;parser_conformance_oracle_gate;parser_cache_invalidation_gate,artifacts/PARSER_PROFILE_CLOSURE_MODEL.md;artifacts/P1_PARSER_PROFILE_CLOSURE_EVIDENCE.md,project/src/parsers;project/src/engine/sblr;project/src/udr;project/tests/sbsql_parser_worker,Parser V3/profile target row is implemented in full with parser/SBLR/UDR/diagnostic/security/conformance gate evidence,implemented_in_full
SB-PUBLIC-GAP-0049,SB-SPEC-IMPLEMENTATION-0080,parser_v3_closure,parser_v3_management_syntax_gate;parser_profile_authority_gate;parser_v3_closure_gate;sblr_operation_matrix_gate;sblr_lowering_runtime_gate;trusted_udr_bridge_gate;parser_diagnostics_security_gate;parser_conformance_oracle_gate;parser_cache_invalidation_gate,artifacts/PARSER_PROFILE_CLOSURE_MODEL.md;artifacts/P1_PARSER_PROFILE_CLOSURE_EVIDENCE.md,project/src/parsers;project/src/engine/sblr;project/src/udr;project/tests/sbsql_parser_worker,Parser V3/profile target row is implemented in full with parser/SBLR/UDR/diagnostic/security/conformance gate evidence,implemented_in_full
SB-PUBLIC-GAP-0050,SB-SPEC-IMPLEMENTATION-0081,parser_v3_closure,parser_v3_management_syntax_gate;parser_profile_authority_gate;parser_v3_closure_gate;sblr_operation_matrix_gate;sblr_lowering_runtime_gate;trusted_udr_bridge_gate;parser_diagnostics_security_gate;parser_conformance_oracle_gate;parser_cache_invalidation_gate,artifacts/PARSER_PROFILE_CLOSURE_MODEL.md;artifacts/P1_PARSER_PROFILE_CLOSURE_EVIDENCE.md,project/src/parsers;project/src/engine/sblr;project/src/udr;project/tests/sbsql_parser_worker,Parser V3/profile target row is implemented in full with parser/SBLR/UDR/diagnostic/security/conformance gate evidence,implemented_in_full
SB-PUBLIC-GAP-0051,SB-SPEC-IMPLEMENTATION-0082,parser_v3_closure,parser_v3_management_syntax_gate;parser_profile_authority_gate;parser_v3_closure_gate;sblr_operation_matrix_gate;sblr_lowering_runtime_gate;trusted_udr_bridge_gate;parser_diagnostics_security_gate;parser_conformance_oracle_gate;parser_cache_invalidation_gate,artifacts/PARSER_PROFILE_CLOSURE_MODEL.md;artifacts/P1_PARSER_PROFILE_CLOSURE_EVIDENCE.md,project/src/parsers;project/src/engine/sblr;project/src/udr;project/tests/sbsql_parser_worker,Parser V3/profile target row is implemented in full with parser/SBLR/UDR/diagnostic/security/conformance gate evidence,implemented_in_full
SB-PUBLIC-GAP-0052,SB-SPEC-IMPLEMENTATION-0083,parser_v3_closure,parser_v3_management_syntax_gate;parser_profile_authority_gate;parser_v3_closure_gate;sblr_operation_matrix_gate;sblr_lowering_runtime_gate;trusted_udr_bridge_gate;parser_diagnostics_security_gate;parser_conformance_oracle_gate;parser_cache_invalidation_gate,artifacts/PARSER_PROFILE_CLOSURE_MODEL.md;artifacts/P1_PARSER_PROFILE_CLOSURE_EVIDENCE.md,project/src/parsers;project/src/engine/sblr;project/src/udr;project/tests/sbsql_parser_worker,Parser V3/profile target row is implemented in full with parser/SBLR/UDR/diagnostic/security/conformance gate evidence,implemented_in_full
SB-PUBLIC-GAP-0053,SB-SPEC-IMPLEMENTATION-0084,parser_v3_closure,parser_v3_management_syntax_gate;parser_profile_authority_gate;parser_v3_closure_gate;sblr_operation_matrix_gate;sblr_lowering_runtime_gate;trusted_udr_bridge_gate;parser_diagnostics_security_gate;parser_conformance_oracle_gate;parser_cache_invalidation_gate,artifacts/PARSER_PROFILE_CLOSURE_MODEL.md;artifacts/P1_PARSER_PROFILE_CLOSURE_EVIDENCE.md,project/src/parsers;project/src/engine/sblr;project/src/udr;project/tests/sbsql_parser_worker,Parser V3/profile target row is implemented in full with parser/SBLR/UDR/diagnostic/security/conformance gate evidence,implemented_in_full
SB-PUBLIC-GAP-0054,SB-SPEC-IMPLEMENTATION-0085,parser_v3_closure,parser_v3_management_syntax_gate;parser_profile_authority_gate;parser_v3_closure_gate;sblr_operation_matrix_gate;sblr_lowering_runtime_gate;trusted_udr_bridge_gate;parser_diagnostics_security_gate;parser_conformance_oracle_gate;parser_cache_invalidation_gate,artifacts/PARSER_PROFILE_CLOSURE_MODEL.md;artifacts/P1_PARSER_PROFILE_CLOSURE_EVIDENCE.md,project/src/parsers;project/src/engine/sblr;project/src/udr;project/tests/sbsql_parser_worker,Parser V3/profile target row is implemented in full with parser/SBLR/UDR/diagnostic/security/conformance gate evidence,implemented_in_full
SB-PUBLIC-GAP-0055,SB-SPEC-IMPLEMENTATION-0086,parser_v3_closure,parser_v3_management_syntax_gate;parser_profile_authority_gate;parser_v3_closure_gate;sblr_operation_matrix_gate;sblr_lowering_runtime_gate;trusted_udr_bridge_gate;parser_diagnostics_security_gate;parser_conformance_oracle_gate;parser_cache_invalidation_gate,artifacts/PARSER_PROFILE_CLOSURE_MODEL.md;artifacts/P1_PARSER_PROFILE_CLOSURE_EVIDENCE.md,project/src/parsers;project/src/engine/sblr;project/src/udr;project/tests/sbsql_parser_worker,Parser V3/profile target row is implemented in full with parser/SBLR/UDR/diagnostic/security/conformance gate evidence,implemented_in_full
SB-PUBLIC-GAP-0056,SB-SPEC-IMPLEMENTATION-0087,parser_v3_closure,parser_v3_management_syntax_gate;parser_profile_authority_gate;parser_v3_closure_gate;sblr_operation_matrix_gate;sblr_lowering_runtime_gate;trusted_udr_bridge_gate;parser_diagnostics_security_gate;parser_conformance_oracle_gate;parser_cache_invalidation_gate,artifacts/PARSER_PROFILE_CLOSURE_MODEL.md;artifacts/P1_PARSER_PROFILE_CLOSURE_EVIDENCE.md,project/src/parsers;project/src/engine/sblr;project/src/udr;project/tests/sbsql_parser_worker,Parser V3/profile target row is implemented in full with parser/SBLR/UDR/diagnostic/security/conformance gate evidence,implemented_in_full
SB-PUBLIC-GAP-0057,SB-SPEC-IMPLEMENTATION-0088,parser_v3_closure,parser_v3_management_syntax_gate;parser_profile_authority_gate;parser_v3_closure_gate;sblr_operation_matrix_gate;sblr_lowering_runtime_gate;trusted_udr_bridge_gate;parser_diagnostics_security_gate;parser_conformance_oracle_gate;parser_cache_invalidation_gate,artifacts/PARSER_PROFILE_CLOSURE_MODEL.md;artifacts/P1_PARSER_PROFILE_CLOSURE_EVIDENCE.md,project/src/parsers;project/src/engine/sblr;project/src/udr;project/tests/sbsql_parser_worker,Parser V3/profile target row is implemented in full with parser/SBLR/UDR/diagnostic/security/conformance gate evidence,implemented_in_full
SB-PUBLIC-GAP-0058,SB-SPEC-IMPLEMENTATION-0089,parser_v3_closure,parser_v3_management_syntax_gate;parser_profile_authority_gate;parser_v3_closure_gate;sblr_operation_matrix_gate;sblr_lowering_runtime_gate;trusted_udr_bridge_gate;parser_diagnostics_security_gate;parser_conformance_oracle_gate;parser_cache_invalidation_gate,artifacts/PARSER_PROFILE_CLOSURE_MODEL.md;artifacts/P1_PARSER_PROFILE_CLOSURE_EVIDENCE.md,project/src/parsers;project/src/engine/sblr;project/src/udr;project/tests/sbsql_parser_worker,Parser V3/profile target row is implemented in full with parser/SBLR/UDR/diagnostic/security/conformance gate evidence,implemented_in_full
SB-PUBLIC-GAP-0059,SB-SPEC-IMPLEMENTATION-0090,parser_v3_closure,parser_v3_management_syntax_gate;parser_profile_authority_gate;parser_v3_closure_gate;sblr_operation_matrix_gate;sblr_lowering_runtime_gate;trusted_udr_bridge_gate;parser_diagnostics_security_gate;parser_conformance_oracle_gate;parser_cache_invalidation_gate,artifacts/PARSER_PROFILE_CLOSURE_MODEL.md;artifacts/P1_PARSER_PROFILE_CLOSURE_EVIDENCE.md,project/src/parsers;project/src/engine/sblr;project/src/udr;project/tests/sbsql_parser_worker,Parser V3/profile target row is implemented in full with parser/SBLR/UDR/diagnostic/security/conformance gate evidence,implemented_in_full
SB-PUBLIC-GAP-0060,SB-SPEC-IMPLEMENTATION-0092,parser_v3_closure,parser_v3_management_syntax_gate;parser_profile_authority_gate;parser_v3_closure_gate;sblr_operation_matrix_gate;sblr_lowering_runtime_gate;trusted_udr_bridge_gate;parser_diagnostics_security_gate;parser_conformance_oracle_gate;parser_cache_invalidation_gate,artifacts/PARSER_PROFILE_CLOSURE_MODEL.md;artifacts/P1_PARSER_PROFILE_CLOSURE_EVIDENCE.md,project/src/parsers;project/src/engine/sblr;project/src/udr;project/tests/sbsql_parser_worker,Parser V3/profile target row is implemented in full with parser/SBLR/UDR/diagnostic/security/conformance gate evidence,implemented_in_full
SB-PUBLIC-GAP-0021,SB-SPEC-IMPLEMENTATION-0049,storage_page_filespace,storage_page_layout_gate;filespace_lifecycle_gate;cloud_storage_emulator_gate;database_lifecycle_tx_gate;foreign_filespace_quarantine_gate;storage_metrics_gate,artifacts/STORAGE_FORMAT_AND_PROVIDER_POLICY.md;artifacts/P2_STORAGE_LIFECYCLE_CLOSURE_EVIDENCE.md,project/src/storage;project/src/core/metrics;project/tests/database_lifecycle,Storage/page/filespace target row is implemented in full with format/provider/lifecycle/metrics gate evidence,implemented_in_full
SB-PUBLIC-GAP-0022,SB-SPEC-IMPLEMENTATION-0050,storage_page_filespace,storage_page_layout_gate;filespace_lifecycle_gate;cloud_storage_emulator_gate;database_lifecycle_tx_gate;foreign_filespace_quarantine_gate;storage_metrics_gate,artifacts/STORAGE_FORMAT_AND_PROVIDER_POLICY.md;artifacts/P2_STORAGE_LIFECYCLE_CLOSURE_EVIDENCE.md,project/src/storage;project/src/core/metrics;project/tests/database_lifecycle,Storage/page/filespace target row is implemented in full with format/provider/lifecycle/metrics gate evidence,implemented_in_full
SB-PUBLIC-GAP-0023,SB-SPEC-IMPLEMENTATION-0051,storage_page_filespace,storage_page_layout_gate;filespace_lifecycle_gate;cloud_storage_emulator_gate;database_lifecycle_tx_gate;foreign_filespace_quarantine_gate;storage_metrics_gate,artifacts/STORAGE_FORMAT_AND_PROVIDER_POLICY.md;artifacts/P2_STORAGE_LIFECYCLE_CLOSURE_EVIDENCE.md,project/src/storage;project/src/core/metrics;project/tests/database_lifecycle,Storage/page/filespace target row is implemented in full with format/provider/lifecycle/metrics gate evidence,implemented_in_full
SB-PUBLIC-GAP-0024,SB-SPEC-IMPLEMENTATION-0052,storage_page_filespace,storage_page_layout_gate;filespace_lifecycle_gate;cloud_storage_emulator_gate;database_lifecycle_tx_gate;foreign_filespace_quarantine_gate;storage_metrics_gate,artifacts/STORAGE_FORMAT_AND_PROVIDER_POLICY.md;artifacts/P2_STORAGE_LIFECYCLE_CLOSURE_EVIDENCE.md,project/src/storage;project/src/core/metrics;project/tests/database_lifecycle,Storage/page/filespace target row is implemented in full with format/provider/lifecycle/metrics gate evidence,implemented_in_full
SB-PUBLIC-GAP-0033,SB-SPEC-IMPLEMENTATION-0063,storage_page_filespace,storage_page_layout_gate;filespace_lifecycle_gate;cloud_storage_emulator_gate;database_lifecycle_tx_gate;foreign_filespace_quarantine_gate;storage_metrics_gate,artifacts/STORAGE_FORMAT_AND_PROVIDER_POLICY.md;artifacts/P2_STORAGE_LIFECYCLE_CLOSURE_EVIDENCE.md,project/src/storage;project/src/core/metrics;project/tests/database_lifecycle,Storage/page/filespace target row is implemented in full with format/provider/lifecycle/metrics gate evidence,implemented_in_full
SB-PUBLIC-GAP-0034,SB-SPEC-IMPLEMENTATION-0065,storage_page_filespace,storage_page_layout_gate;filespace_lifecycle_gate;cloud_storage_emulator_gate;database_lifecycle_tx_gate;foreign_filespace_quarantine_gate;storage_metrics_gate,artifacts/STORAGE_FORMAT_AND_PROVIDER_POLICY.md;artifacts/P2_STORAGE_LIFECYCLE_CLOSURE_EVIDENCE.md,project/src/storage;project/src/core/metrics;project/tests/database_lifecycle,Storage/page/filespace target row is implemented in full with format/provider/lifecycle/metrics gate evidence,implemented_in_full
SB-PUBLIC-GAP-0036,SB-SPEC-IMPLEMENTATION-0067,storage_page_filespace,storage_page_layout_gate;filespace_lifecycle_gate;cloud_storage_emulator_gate;database_lifecycle_tx_gate;foreign_filespace_quarantine_gate;storage_metrics_gate,artifacts/STORAGE_FORMAT_AND_PROVIDER_POLICY.md;artifacts/P2_STORAGE_LIFECYCLE_CLOSURE_EVIDENCE.md,project/src/storage;project/src/core/metrics;project/tests/database_lifecycle,Storage/page/filespace target row is implemented in full with format/provider/lifecycle/metrics gate evidence,implemented_in_full
SB-PUBLIC-GAP-0037,SB-SPEC-IMPLEMENTATION-0068,storage_page_filespace,storage_page_layout_gate;filespace_lifecycle_gate;cloud_storage_emulator_gate;database_lifecycle_tx_gate;foreign_filespace_quarantine_gate;storage_metrics_gate,artifacts/STORAGE_FORMAT_AND_PROVIDER_POLICY.md;artifacts/P2_STORAGE_LIFECYCLE_CLOSURE_EVIDENCE.md,project/src/storage;project/src/core/metrics;project/tests/database_lifecycle,Storage/page/filespace target row is implemented in full with format/provider/lifecycle/metrics gate evidence,implemented_in_full
SB-PUBLIC-GAP-0145,SB-SPEC-IMPLEMENTATION-0188,datatype_index_execution,datatype_commercial_closure_gate;numeric_128_backend_gate;cast_comparison_gate;domain_method_binding_gate;index_catalog_ddl_gate;index_family_matrix_gate;insert_update_write_profile_gate;index_metrics_gate,artifacts/DATATYPE_INDEX_EXECUTION_CLOSURE_MODEL.md;artifacts/P3_DATATYPE_INDEX_EXECUTION_CLOSURE_EVIDENCE.md,project/src/core/datatypes;project/src/core/index;project/src/engine/executor;project/tests,Datatype/index target row is implemented in full with numeric/cast/domain/index/write-profile gate evidence,implemented_in_full
SB-PUBLIC-GAP-0146,SB-SPEC-IMPLEMENTATION-0190,datatype_index_execution,datatype_commercial_closure_gate;numeric_128_backend_gate;cast_comparison_gate;domain_method_binding_gate;index_catalog_ddl_gate;index_family_matrix_gate;insert_update_write_profile_gate;index_metrics_gate,artifacts/DATATYPE_INDEX_EXECUTION_CLOSURE_MODEL.md;artifacts/P3_DATATYPE_INDEX_EXECUTION_CLOSURE_EVIDENCE.md,project/src/core/datatypes;project/src/core/index;project/src/engine/executor;project/tests,Datatype/index target row is implemented in full with numeric/cast/domain/index/write-profile gate evidence,implemented_in_full
SB-PUBLIC-GAP-0147,SB-SPEC-IMPLEMENTATION-0191,datatype_index_execution,datatype_commercial_closure_gate;numeric_128_backend_gate;cast_comparison_gate;domain_method_binding_gate;index_catalog_ddl_gate;index_family_matrix_gate;insert_update_write_profile_gate;index_metrics_gate,artifacts/DATATYPE_INDEX_EXECUTION_CLOSURE_MODEL.md;artifacts/P3_DATATYPE_INDEX_EXECUTION_CLOSURE_EVIDENCE.md,project/src/core/datatypes;project/src/core/index;project/src/engine/executor;project/tests,Datatype/index target row is implemented in full with numeric/cast/domain/index/write-profile gate evidence,implemented_in_full
SB-PUBLIC-GAP-0148,SB-SPEC-IMPLEMENTATION-0192,datatype_index_execution,datatype_commercial_closure_gate;numeric_128_backend_gate;cast_comparison_gate;domain_method_binding_gate;index_catalog_ddl_gate;index_family_matrix_gate;insert_update_write_profile_gate;index_metrics_gate,artifacts/DATATYPE_INDEX_EXECUTION_CLOSURE_MODEL.md;artifacts/P3_DATATYPE_INDEX_EXECUTION_CLOSURE_EVIDENCE.md,project/src/core/datatypes;project/src/core/index;project/src/engine/executor;project/tests,Datatype/index target row is implemented in full with numeric/cast/domain/index/write-profile gate evidence,implemented_in_full
SB-PUBLIC-GAP-0149,SB-SPEC-IMPLEMENTATION-0193,datatype_index_execution,datatype_commercial_closure_gate;numeric_128_backend_gate;cast_comparison_gate;domain_method_binding_gate;index_catalog_ddl_gate;index_family_matrix_gate;insert_update_write_profile_gate;index_metrics_gate,artifacts/DATATYPE_INDEX_EXECUTION_CLOSURE_MODEL.md;artifacts/P3_DATATYPE_INDEX_EXECUTION_CLOSURE_EVIDENCE.md,project/src/core/datatypes;project/src/core/index;project/src/engine/executor;project/tests,Datatype/index target row is implemented in full with numeric/cast/domain/index/write-profile gate evidence,implemented_in_full
SB-PUBLIC-GAP-0150,SB-SPEC-IMPLEMENTATION-0194,datatype_index_execution,datatype_commercial_closure_gate;numeric_128_backend_gate;cast_comparison_gate;domain_method_binding_gate;index_catalog_ddl_gate;index_family_matrix_gate;insert_update_write_profile_gate;index_metrics_gate,artifacts/DATATYPE_INDEX_EXECUTION_CLOSURE_MODEL.md;artifacts/P3_DATATYPE_INDEX_EXECUTION_CLOSURE_EVIDENCE.md,project/src/core/datatypes;project/src/core/index;project/src/engine/executor;project/tests,Datatype/index target row is implemented in full with numeric/cast/domain/index/write-profile gate evidence,implemented_in_full
SB-PUBLIC-GAP-0151,SB-SPEC-IMPLEMENTATION-0196,datatype_index_execution,datatype_commercial_closure_gate;numeric_128_backend_gate;cast_comparison_gate;domain_method_binding_gate;index_catalog_ddl_gate;index_family_matrix_gate;insert_update_write_profile_gate;index_metrics_gate,artifacts/DATATYPE_INDEX_EXECUTION_CLOSURE_MODEL.md;artifacts/P3_DATATYPE_INDEX_EXECUTION_CLOSURE_EVIDENCE.md,project/src/core/datatypes;project/src/core/index;project/src/engine/executor;project/tests,Datatype/index target row is implemented in full with numeric/cast/domain/index/write-profile gate evidence,implemented_in_full
SB-PUBLIC-GAP-0152,SB-SPEC-IMPLEMENTATION-0198,datatype_index_execution,datatype_commercial_closure_gate;numeric_128_backend_gate;cast_comparison_gate;domain_method_binding_gate;index_catalog_ddl_gate;index_family_matrix_gate;insert_update_write_profile_gate;index_metrics_gate,artifacts/DATATYPE_INDEX_EXECUTION_CLOSURE_MODEL.md;artifacts/P3_DATATYPE_INDEX_EXECUTION_CLOSURE_EVIDENCE.md,project/src/core/datatypes;project/src/core/index;project/src/engine/executor;project/tests,Datatype/index target row is implemented in full with numeric/cast/domain/index/write-profile gate evidence,implemented_in_full
SB-PUBLIC-GAP-0153,SB-SPEC-IMPLEMENTATION-0201,datatype_index_execution,datatype_commercial_closure_gate;numeric_128_backend_gate;cast_comparison_gate;domain_method_binding_gate;index_catalog_ddl_gate;index_family_matrix_gate;insert_update_write_profile_gate;index_metrics_gate,artifacts/DATATYPE_INDEX_EXECUTION_CLOSURE_MODEL.md;artifacts/P3_DATATYPE_INDEX_EXECUTION_CLOSURE_EVIDENCE.md,project/src/core/datatypes;project/src/core/index;project/src/engine/executor;project/tests,Datatype/index target row is implemented in full with numeric/cast/domain/index/write-profile gate evidence,implemented_in_full
SB-PUBLIC-GAP-0154,SB-SPEC-IMPLEMENTATION-0202,datatype_index_execution,datatype_commercial_closure_gate;numeric_128_backend_gate;cast_comparison_gate;domain_method_binding_gate;index_catalog_ddl_gate;index_family_matrix_gate;insert_update_write_profile_gate;index_metrics_gate,artifacts/DATATYPE_INDEX_EXECUTION_CLOSURE_MODEL.md;artifacts/P3_DATATYPE_INDEX_EXECUTION_CLOSURE_EVIDENCE.md,project/src/core/datatypes;project/src/core/index;project/src/engine/executor;project/tests,Datatype/index target row is implemented in full with numeric/cast/domain/index/write-profile gate evidence,implemented_in_full
SB-PUBLIC-GAP-0155,SB-SPEC-IMPLEMENTATION-0203,datatype_index_execution,datatype_commercial_closure_gate;numeric_128_backend_gate;cast_comparison_gate;domain_method_binding_gate;index_catalog_ddl_gate;index_family_matrix_gate;insert_update_write_profile_gate;index_metrics_gate,artifacts/DATATYPE_INDEX_EXECUTION_CLOSURE_MODEL.md;artifacts/P3_DATATYPE_INDEX_EXECUTION_CLOSURE_EVIDENCE.md,project/src/core/datatypes;project/src/core/index;project/src/engine/executor;project/tests,Datatype/index target row is implemented in full with numeric/cast/domain/index/write-profile gate evidence,implemented_in_full
SB-PUBLIC-GAP-0156,SB-SPEC-IMPLEMENTATION-0205,datatype_index_execution,datatype_commercial_closure_gate;numeric_128_backend_gate;cast_comparison_gate;domain_method_binding_gate;index_catalog_ddl_gate;index_family_matrix_gate;insert_update_write_profile_gate;index_metrics_gate,artifacts/DATATYPE_INDEX_EXECUTION_CLOSURE_MODEL.md;artifacts/P3_DATATYPE_INDEX_EXECUTION_CLOSURE_EVIDENCE.md,project/src/core/datatypes;project/src/core/index;project/src/engine/executor;project/tests,Datatype/index target row is implemented in full with numeric/cast/domain/index/write-profile gate evidence,implemented_in_full
SB-PUBLIC-GAP-0157,SB-SPEC-IMPLEMENTATION-0206,datatype_index_execution,datatype_commercial_closure_gate;numeric_128_backend_gate;cast_comparison_gate;domain_method_binding_gate;index_catalog_ddl_gate;index_family_matrix_gate;insert_update_write_profile_gate;index_metrics_gate,artifacts/DATATYPE_INDEX_EXECUTION_CLOSURE_MODEL.md;artifacts/P3_DATATYPE_INDEX_EXECUTION_CLOSURE_EVIDENCE.md,project/src/core/datatypes;project/src/core/index;project/src/engine/executor;project/tests,Datatype/index target row is implemented in full with numeric/cast/domain/index/write-profile gate evidence,implemented_in_full
SB-PUBLIC-GAP-0158,SB-SPEC-IMPLEMENTATION-0209,datatype_index_execution,datatype_commercial_closure_gate;numeric_128_backend_gate;cast_comparison_gate;domain_method_binding_gate;index_catalog_ddl_gate;index_family_matrix_gate;insert_update_write_profile_gate;index_metrics_gate,artifacts/DATATYPE_INDEX_EXECUTION_CLOSURE_MODEL.md;artifacts/P3_DATATYPE_INDEX_EXECUTION_CLOSURE_EVIDENCE.md,project/src/core/datatypes;project/src/core/index;project/src/engine/executor;project/tests,Datatype/index target row is implemented in full with numeric/cast/domain/index/write-profile gate evidence,implemented_in_full
SB-PUBLIC-GAP-0061,SB-SPEC-IMPLEMENTATION-0094,security_auth_audit,security_auth_gate;authorization_privilege_gate;audit_event_gate;encryption_at_rest_gate;security_policy_gate;auth_plugin_manifest_gate;tls_regression_gate,artifacts/SECURITY_AUTH_AUDIT_CLOSURE_MODEL.md;artifacts/P4_SECURITY_AUTH_AUDIT_CLOSURE_EVIDENCE.md,project/src/engine/internal_api/security;project/src/storage;project/tests,Security/auth/audit target row is implemented in full or retained as closed TLS regression with passing gate evidence,implemented_in_full
SB-PUBLIC-GAP-0062,SB-SPEC-IMPLEMENTATION-0095,security_auth_audit,security_auth_gate;authorization_privilege_gate;audit_event_gate;encryption_at_rest_gate;security_policy_gate;auth_plugin_manifest_gate;tls_regression_gate,artifacts/SECURITY_AUTH_AUDIT_CLOSURE_MODEL.md;artifacts/P4_SECURITY_AUTH_AUDIT_CLOSURE_EVIDENCE.md,project/src/engine/internal_api/security;project/src/storage;project/tests,Security/auth/audit target row is implemented in full or retained as closed TLS regression with passing gate evidence,implemented_in_full
SB-PUBLIC-GAP-0063,SB-SPEC-IMPLEMENTATION-0096,security_auth_audit,security_auth_gate;authorization_privilege_gate;audit_event_gate;encryption_at_rest_gate;security_policy_gate;auth_plugin_manifest_gate;tls_regression_gate,artifacts/SECURITY_AUTH_AUDIT_CLOSURE_MODEL.md;artifacts/P4_SECURITY_AUTH_AUDIT_CLOSURE_EVIDENCE.md,project/src/engine/internal_api/security;project/src/storage;project/tests,Security/auth/audit target row is implemented in full or retained as closed TLS regression with passing gate evidence,implemented_in_full
SB-PUBLIC-GAP-0064,SB-SPEC-IMPLEMENTATION-0097,security_auth_audit,security_auth_gate;authorization_privilege_gate;audit_event_gate;encryption_at_rest_gate;security_policy_gate;auth_plugin_manifest_gate;tls_regression_gate,artifacts/SECURITY_AUTH_AUDIT_CLOSURE_MODEL.md;artifacts/P4_SECURITY_AUTH_AUDIT_CLOSURE_EVIDENCE.md,project/src/engine/internal_api/security;project/src/storage;project/tests,Security/auth/audit target row is implemented in full or retained as closed TLS regression with passing gate evidence,implemented_in_full
SB-PUBLIC-GAP-0065,SB-SPEC-IMPLEMENTATION-0098,security_auth_audit,security_auth_gate;authorization_privilege_gate;audit_event_gate;encryption_at_rest_gate;security_policy_gate;auth_plugin_manifest_gate;tls_regression_gate,artifacts/SECURITY_AUTH_AUDIT_CLOSURE_MODEL.md;artifacts/P4_SECURITY_AUTH_AUDIT_CLOSURE_EVIDENCE.md,project/src/engine/internal_api/security;project/src/storage;project/tests,Security/auth/audit target row is implemented in full or retained as closed TLS regression with passing gate evidence,implemented_in_full
SB-PUBLIC-GAP-0066,SB-SPEC-IMPLEMENTATION-0099,security_auth_audit,security_auth_gate;authorization_privilege_gate;audit_event_gate;encryption_at_rest_gate;security_policy_gate;auth_plugin_manifest_gate;tls_regression_gate,artifacts/SECURITY_AUTH_AUDIT_CLOSURE_MODEL.md;artifacts/P4_SECURITY_AUTH_AUDIT_CLOSURE_EVIDENCE.md,project/src/engine/internal_api/security;project/src/storage;project/tests,Security/auth/audit target row is implemented in full or retained as closed TLS regression with passing gate evidence,implemented_in_full
SB-PUBLIC-GAP-0067,SB-SPEC-IMPLEMENTATION-0100,security_auth_audit,security_auth_gate;authorization_privilege_gate;audit_event_gate;encryption_at_rest_gate;security_policy_gate;auth_plugin_manifest_gate;tls_regression_gate,artifacts/SECURITY_AUTH_AUDIT_CLOSURE_MODEL.md;artifacts/P4_SECURITY_AUTH_AUDIT_CLOSURE_EVIDENCE.md,project/src/engine/internal_api/security;project/src/storage;project/tests,Security/auth/audit target row is implemented in full or retained as closed TLS regression with passing gate evidence,implemented_in_full
SB-PUBLIC-GAP-0068,SB-SPEC-IMPLEMENTATION-0101,security_auth_audit,security_auth_gate;authorization_privilege_gate;audit_event_gate;encryption_at_rest_gate;security_policy_gate;auth_plugin_manifest_gate;tls_regression_gate,artifacts/SECURITY_AUTH_AUDIT_CLOSURE_MODEL.md;artifacts/P4_SECURITY_AUTH_AUDIT_CLOSURE_EVIDENCE.md,project/src/engine/internal_api/security;project/src/storage;project/tests,Security/auth/audit target row is implemented in full or retained as closed TLS regression with passing gate evidence,implemented_in_full
SB-PUBLIC-GAP-0069,SB-SPEC-IMPLEMENTATION-0103,wire_driver_operational,server_lifecycle_gate;listener_sbct_pool_gate;local_ipc_gate;sbwp_wire_gate;driver_package_manifest_gate;driver_lane_ctest_gate;driver_tool_adaptor_gate;routing_reconnect_finality_gate,artifacts/WIRE_DRIVER_OPERATIONAL_CLOSURE_MODEL.md;artifacts/P5_WIRE_DRIVER_OPERATIONAL_CLOSURE_EVIDENCE.md,project/src/server;project/src/listener;project/src/ipc;project/src/wire;project/drivers;project/tests,Wire/driver target row is implemented in full with server/listener/IPC/SBWP/driver lane gate evidence,implemented_in_full
SB-PUBLIC-GAP-0070,SB-SPEC-IMPLEMENTATION-0104,wire_driver_operational,server_lifecycle_gate;listener_sbct_pool_gate;local_ipc_gate;sbwp_wire_gate;driver_package_manifest_gate;driver_lane_ctest_gate;driver_tool_adaptor_gate;routing_reconnect_finality_gate,artifacts/WIRE_DRIVER_OPERATIONAL_CLOSURE_MODEL.md;artifacts/P5_WIRE_DRIVER_OPERATIONAL_CLOSURE_EVIDENCE.md,project/src/server;project/src/listener;project/src/ipc;project/src/wire;project/drivers;project/tests,Wire/driver target row is implemented in full with server/listener/IPC/SBWP/driver lane gate evidence,implemented_in_full
SB-PUBLIC-GAP-0071,SB-SPEC-IMPLEMENTATION-0105,wire_driver_operational,server_lifecycle_gate;listener_sbct_pool_gate;local_ipc_gate;sbwp_wire_gate;driver_package_manifest_gate;driver_lane_ctest_gate;driver_tool_adaptor_gate;routing_reconnect_finality_gate,artifacts/WIRE_DRIVER_OPERATIONAL_CLOSURE_MODEL.md;artifacts/P5_WIRE_DRIVER_OPERATIONAL_CLOSURE_EVIDENCE.md,project/src/server;project/src/listener;project/src/ipc;project/src/wire;project/drivers;project/tests,Wire/driver target row is implemented in full with server/listener/IPC/SBWP/driver lane gate evidence,implemented_in_full
SB-PUBLIC-GAP-0072,SB-SPEC-IMPLEMENTATION-0106,wire_driver_operational,server_lifecycle_gate;listener_sbct_pool_gate;local_ipc_gate;sbwp_wire_gate;driver_package_manifest_gate;driver_lane_ctest_gate;driver_tool_adaptor_gate;routing_reconnect_finality_gate,artifacts/WIRE_DRIVER_OPERATIONAL_CLOSURE_MODEL.md;artifacts/P5_WIRE_DRIVER_OPERATIONAL_CLOSURE_EVIDENCE.md,project/src/server;project/src/listener;project/src/ipc;project/src/wire;project/drivers;project/tests,Wire/driver target row is implemented in full with server/listener/IPC/SBWP/driver lane gate evidence,implemented_in_full
SB-PUBLIC-GAP-0073,SB-SPEC-IMPLEMENTATION-0107,wire_driver_operational,server_lifecycle_gate;listener_sbct_pool_gate;local_ipc_gate;sbwp_wire_gate;driver_package_manifest_gate;driver_lane_ctest_gate;driver_tool_adaptor_gate;routing_reconnect_finality_gate,artifacts/WIRE_DRIVER_OPERATIONAL_CLOSURE_MODEL.md;artifacts/P5_WIRE_DRIVER_OPERATIONAL_CLOSURE_EVIDENCE.md,project/src/server;project/src/listener;project/src/ipc;project/src/wire;project/drivers;project/tests,Wire/driver target row is implemented in full with server/listener/IPC/SBWP/driver lane gate evidence,implemented_in_full
SB-PUBLIC-GAP-0074,SB-SPEC-IMPLEMENTATION-0108,wire_driver_operational,server_lifecycle_gate;listener_sbct_pool_gate;local_ipc_gate;sbwp_wire_gate;driver_package_manifest_gate;driver_lane_ctest_gate;driver_tool_adaptor_gate;routing_reconnect_finality_gate,artifacts/WIRE_DRIVER_OPERATIONAL_CLOSURE_MODEL.md;artifacts/P5_WIRE_DRIVER_OPERATIONAL_CLOSURE_EVIDENCE.md,project/src/server;project/src/listener;project/src/ipc;project/src/wire;project/drivers;project/tests,Wire/driver target row is implemented in full with server/listener/IPC/SBWP/driver lane gate evidence,implemented_in_full
SB-PUBLIC-GAP-0075,SB-SPEC-IMPLEMENTATION-0109,wire_driver_operational,server_lifecycle_gate;listener_sbct_pool_gate;local_ipc_gate;sbwp_wire_gate;driver_package_manifest_gate;driver_lane_ctest_gate;driver_tool_adaptor_gate;routing_reconnect_finality_gate,artifacts/WIRE_DRIVER_OPERATIONAL_CLOSURE_MODEL.md;artifacts/P5_WIRE_DRIVER_OPERATIONAL_CLOSURE_EVIDENCE.md,project/src/server;project/src/listener;project/src/ipc;project/src/wire;project/drivers;project/tests,Wire/driver target row is implemented in full with server/listener/IPC/SBWP/driver lane gate evidence,implemented_in_full
SB-PUBLIC-GAP-0076,SB-SPEC-IMPLEMENTATION-0112,wire_driver_operational,server_lifecycle_gate;listener_sbct_pool_gate;local_ipc_gate;sbwp_wire_gate;driver_package_manifest_gate;driver_lane_ctest_gate;driver_tool_adaptor_gate;routing_reconnect_finality_gate,artifacts/WIRE_DRIVER_OPERATIONAL_CLOSURE_MODEL.md;artifacts/P5_WIRE_DRIVER_OPERATIONAL_CLOSURE_EVIDENCE.md,project/src/server;project/src/listener;project/src/ipc;project/src/wire;project/drivers;project/tests,Wire/driver target row is implemented in full with server/listener/IPC/SBWP/driver lane gate evidence,implemented_in_full
SB-PUBLIC-GAP-0077,SB-SPEC-IMPLEMENTATION-0114,wire_driver_operational,server_lifecycle_gate;listener_sbct_pool_gate;local_ipc_gate;sbwp_wire_gate;driver_package_manifest_gate;driver_lane_ctest_gate;driver_tool_adaptor_gate;routing_reconnect_finality_gate,artifacts/WIRE_DRIVER_OPERATIONAL_CLOSURE_MODEL.md;artifacts/P5_WIRE_DRIVER_OPERATIONAL_CLOSURE_EVIDENCE.md,project/src/server;project/src/listener;project/src/ipc;project/src/wire;project/drivers;project/tests,Wire/driver target row is implemented in full with server/listener/IPC/SBWP/driver lane gate evidence,implemented_in_full
SB-PUBLIC-GAP-0078,SB-SPEC-IMPLEMENTATION-0115,wire_driver_operational,server_lifecycle_gate;listener_sbct_pool_gate;local_ipc_gate;sbwp_wire_gate;driver_package_manifest_gate;driver_lane_ctest_gate;driver_tool_adaptor_gate;routing_reconnect_finality_gate,artifacts/WIRE_DRIVER_OPERATIONAL_CLOSURE_MODEL.md;artifacts/P5_WIRE_DRIVER_OPERATIONAL_CLOSURE_EVIDENCE.md,project/src/server;project/src/listener;project/src/ipc;project/src/wire;project/drivers;project/tests,Wire/driver target row is implemented in full with server/listener/IPC/SBWP/driver lane gate evidence,implemented_in_full
SB-PUBLIC-GAP-0079,SB-SPEC-IMPLEMENTATION-0116,wire_driver_operational,server_lifecycle_gate;listener_sbct_pool_gate;local_ipc_gate;sbwp_wire_gate;driver_package_manifest_gate;driver_lane_ctest_gate;driver_tool_adaptor_gate;routing_reconnect_finality_gate,artifacts/WIRE_DRIVER_OPERATIONAL_CLOSURE_MODEL.md;artifacts/P5_WIRE_DRIVER_OPERATIONAL_CLOSURE_EVIDENCE.md,project/src/server;project/src/listener;project/src/ipc;project/src/wire;project/drivers;project/tests,Wire/driver target row is implemented in full with server/listener/IPC/SBWP/driver lane gate evidence,implemented_in_full
SB-PUBLIC-GAP-0080,SB-SPEC-IMPLEMENTATION-0117,wire_driver_operational,server_lifecycle_gate;listener_sbct_pool_gate;local_ipc_gate;sbwp_wire_gate;driver_package_manifest_gate;driver_lane_ctest_gate;driver_tool_adaptor_gate;routing_reconnect_finality_gate,artifacts/WIRE_DRIVER_OPERATIONAL_CLOSURE_MODEL.md;artifacts/P5_WIRE_DRIVER_OPERATIONAL_CLOSURE_EVIDENCE.md,project/src/server;project/src/listener;project/src/ipc;project/src/wire;project/drivers;project/tests,Wire/driver target row is implemented in full with server/listener/IPC/SBWP/driver lane gate evidence,implemented_in_full
SB-PUBLIC-GAP-0081,SB-SPEC-IMPLEMENTATION-0118,wire_driver_operational,server_lifecycle_gate;listener_sbct_pool_gate;local_ipc_gate;sbwp_wire_gate;driver_package_manifest_gate;driver_lane_ctest_gate;driver_tool_adaptor_gate;routing_reconnect_finality_gate,artifacts/WIRE_DRIVER_OPERATIONAL_CLOSURE_MODEL.md;artifacts/P5_WIRE_DRIVER_OPERATIONAL_CLOSURE_EVIDENCE.md,project/src/server;project/src/listener;project/src/ipc;project/src/wire;project/drivers;project/tests,Wire/driver target row is implemented in full with server/listener/IPC/SBWP/driver lane gate evidence,implemented_in_full
SB-PUBLIC-GAP-0082,SB-SPEC-IMPLEMENTATION-0119,wire_driver_operational,server_lifecycle_gate;listener_sbct_pool_gate;local_ipc_gate;sbwp_wire_gate;driver_package_manifest_gate;driver_lane_ctest_gate;driver_tool_adaptor_gate;routing_reconnect_finality_gate,artifacts/WIRE_DRIVER_OPERATIONAL_CLOSURE_MODEL.md;artifacts/P5_WIRE_DRIVER_OPERATIONAL_CLOSURE_EVIDENCE.md,project/src/server;project/src/listener;project/src/ipc;project/src/wire;project/drivers;project/tests,Wire/driver target row is implemented in full with server/listener/IPC/SBWP/driver lane gate evidence,implemented_in_full
SB-PUBLIC-GAP-0083,SB-SPEC-IMPLEMENTATION-0120,wire_driver_operational,server_lifecycle_gate;listener_sbct_pool_gate;local_ipc_gate;sbwp_wire_gate;driver_package_manifest_gate;driver_lane_ctest_gate;driver_tool_adaptor_gate;routing_reconnect_finality_gate,artifacts/WIRE_DRIVER_OPERATIONAL_CLOSURE_MODEL.md;artifacts/P5_WIRE_DRIVER_OPERATIONAL_CLOSURE_EVIDENCE.md,project/src/server;project/src/listener;project/src/ipc;project/src/wire;project/drivers;project/tests,Wire/driver target row is implemented in full with server/listener/IPC/SBWP/driver lane gate evidence,implemented_in_full
SB-PUBLIC-GAP-0084,SB-SPEC-IMPLEMENTATION-0121,wire_driver_operational,server_lifecycle_gate;listener_sbct_pool_gate;local_ipc_gate;sbwp_wire_gate;driver_package_manifest_gate;driver_lane_ctest_gate;driver_tool_adaptor_gate;routing_reconnect_finality_gate,artifacts/WIRE_DRIVER_OPERATIONAL_CLOSURE_MODEL.md;artifacts/P5_WIRE_DRIVER_OPERATIONAL_CLOSURE_EVIDENCE.md,project/src/server;project/src/listener;project/src/ipc;project/src/wire;project/drivers;project/tests,Wire/driver target row is implemented in full with server/listener/IPC/SBWP/driver lane gate evidence,implemented_in_full
SB-PUBLIC-GAP-0085,SB-SPEC-IMPLEMENTATION-0122,wire_driver_operational,server_lifecycle_gate;listener_sbct_pool_gate;local_ipc_gate;sbwp_wire_gate;driver_package_manifest_gate;driver_lane_ctest_gate;driver_tool_adaptor_gate;routing_reconnect_finality_gate,artifacts/WIRE_DRIVER_OPERATIONAL_CLOSURE_MODEL.md;artifacts/P5_WIRE_DRIVER_OPERATIONAL_CLOSURE_EVIDENCE.md,project/src/server;project/src/listener;project/src/ipc;project/src/wire;project/drivers;project/tests,Wire/driver target row is implemented in full with server/listener/IPC/SBWP/driver lane gate evidence,implemented_in_full
SB-PUBLIC-GAP-0086,SB-SPEC-IMPLEMENTATION-0123,wire_driver_operational,server_lifecycle_gate;listener_sbct_pool_gate;local_ipc_gate;sbwp_wire_gate;driver_package_manifest_gate;driver_lane_ctest_gate;driver_tool_adaptor_gate;routing_reconnect_finality_gate,artifacts/WIRE_DRIVER_OPERATIONAL_CLOSURE_MODEL.md;artifacts/P5_WIRE_DRIVER_OPERATIONAL_CLOSURE_EVIDENCE.md,project/src/server;project/src/listener;project/src/ipc;project/src/wire;project/drivers;project/tests,Wire/driver target row is implemented in full with server/listener/IPC/SBWP/driver lane gate evidence,implemented_in_full
SB-PUBLIC-GAP-0087,SB-SPEC-IMPLEMENTATION-0124,wire_driver_operational,server_lifecycle_gate;listener_sbct_pool_gate;local_ipc_gate;sbwp_wire_gate;driver_package_manifest_gate;driver_lane_ctest_gate;driver_tool_adaptor_gate;routing_reconnect_finality_gate,artifacts/WIRE_DRIVER_OPERATIONAL_CLOSURE_MODEL.md;artifacts/P5_WIRE_DRIVER_OPERATIONAL_CLOSURE_EVIDENCE.md,project/src/server;project/src/listener;project/src/ipc;project/src/wire;project/drivers;project/tests,Wire/driver target row is implemented in full with server/listener/IPC/SBWP/driver lane gate evidence,implemented_in_full
SB-PUBLIC-GAP-0089,SB-SPEC-IMPLEMENTATION-0126,reference_compatibility,reference_core_framework_gate;reference_seed_gate;reference_datatype_gate;reference_index_translation_gate;reference_diagnostic_rendering_gate;reference_metadata_overlay_gate;reference_migration_cdc_gate;reference_sandbox_bridge_gate;reference_release_regression_gate;reference_original_regression_gate;reference_relational_family_gate;reference_analytic_family_gate;reference_nosql_family_gate;reference_distributed_family_gate;reference_capability_reference_gate,artifacts/REFERENCE_REGRESSION_POLICY.md;artifacts/P6_REFERENCE_COMPATIBILITY_CLOSURE_EVIDENCE.md,project/src/parsers/compatibility;project/src/udr;project/tests/reference_regression;docs/reference/reference_catalog_seeds,Reference target row is implemented in full with reference-core/family/original-regression or capability-reference refusal gate evidence,implemented_in_full
SB-PUBLIC-GAP-0090,SB-SPEC-IMPLEMENTATION-0127,reference_compatibility,reference_core_framework_gate;reference_seed_gate;reference_datatype_gate;reference_index_translation_gate;reference_diagnostic_rendering_gate;reference_metadata_overlay_gate;reference_migration_cdc_gate;reference_sandbox_bridge_gate;reference_release_regression_gate;reference_original_regression_gate;reference_relational_family_gate;reference_analytic_family_gate;reference_nosql_family_gate;reference_distributed_family_gate;reference_capability_reference_gate,artifacts/REFERENCE_REGRESSION_POLICY.md;artifacts/P6_REFERENCE_COMPATIBILITY_CLOSURE_EVIDENCE.md,project/src/parsers/compatibility;project/src/udr;project/tests/reference_regression;docs/reference/reference_catalog_seeds,Reference target row is implemented in full with reference-core/family/original-regression or capability-reference refusal gate evidence,implemented_in_full
SB-PUBLIC-GAP-0091,SB-SPEC-IMPLEMENTATION-0128,reference_compatibility,reference_core_framework_gate;reference_seed_gate;reference_datatype_gate;reference_index_translation_gate;reference_diagnostic_rendering_gate;reference_metadata_overlay_gate;reference_migration_cdc_gate;reference_sandbox_bridge_gate;reference_release_regression_gate;reference_original_regression_gate;reference_relational_family_gate;reference_analytic_family_gate;reference_nosql_family_gate;reference_distributed_family_gate;reference_capability_reference_gate,artifacts/REFERENCE_REGRESSION_POLICY.md;artifacts/P6_REFERENCE_COMPATIBILITY_CLOSURE_EVIDENCE.md,project/src/parsers/compatibility;project/src/udr;project/tests/reference_regression;docs/reference/reference_catalog_seeds,Reference target row is implemented in full with reference-core/family/original-regression or capability-reference refusal gate evidence,implemented_in_full
SB-PUBLIC-GAP-0092,SB-SPEC-IMPLEMENTATION-0129,reference_compatibility,reference_core_framework_gate;reference_seed_gate;reference_datatype_gate;reference_index_translation_gate;reference_diagnostic_rendering_gate;reference_metadata_overlay_gate;reference_migration_cdc_gate;reference_sandbox_bridge_gate;reference_release_regression_gate;reference_original_regression_gate;reference_relational_family_gate;reference_analytic_family_gate;reference_nosql_family_gate;reference_distributed_family_gate;reference_capability_reference_gate,artifacts/REFERENCE_REGRESSION_POLICY.md;artifacts/P6_REFERENCE_COMPATIBILITY_CLOSURE_EVIDENCE.md,project/src/parsers/compatibility;project/src/udr;project/tests/reference_regression;docs/reference/reference_catalog_seeds,Reference target row is implemented in full with reference-core/family/original-regression or capability-reference refusal gate evidence,implemented_in_full
SB-PUBLIC-GAP-0093,SB-SPEC-IMPLEMENTATION-0130,reference_compatibility,reference_core_framework_gate;reference_seed_gate;reference_datatype_gate;reference_index_translation_gate;reference_diagnostic_rendering_gate;reference_metadata_overlay_gate;reference_migration_cdc_gate;reference_sandbox_bridge_gate;reference_release_regression_gate;reference_original_regression_gate;reference_relational_family_gate;reference_analytic_family_gate;reference_nosql_family_gate;reference_distributed_family_gate;reference_capability_reference_gate,artifacts/REFERENCE_REGRESSION_POLICY.md;artifacts/P6_REFERENCE_COMPATIBILITY_CLOSURE_EVIDENCE.md,project/src/parsers/compatibility;project/src/udr;project/tests/reference_regression;docs/reference/reference_catalog_seeds,Reference target row is implemented in full with reference-core/family/original-regression or capability-reference refusal gate evidence,implemented_in_full
SB-PUBLIC-GAP-0094,SB-SPEC-IMPLEMENTATION-0131,reference_compatibility,reference_core_framework_gate;reference_seed_gate;reference_datatype_gate;reference_index_translation_gate;reference_diagnostic_rendering_gate;reference_metadata_overlay_gate;reference_migration_cdc_gate;reference_sandbox_bridge_gate;reference_release_regression_gate;reference_original_regression_gate;reference_relational_family_gate;reference_analytic_family_gate;reference_nosql_family_gate;reference_distributed_family_gate;reference_capability_reference_gate,artifacts/REFERENCE_REGRESSION_POLICY.md;artifacts/P6_REFERENCE_COMPATIBILITY_CLOSURE_EVIDENCE.md,project/src/parsers/compatibility;project/src/udr;project/tests/reference_regression;docs/reference/reference_catalog_seeds,Reference target row is implemented in full with reference-core/family/original-regression or capability-reference refusal gate evidence,implemented_in_full
SB-PUBLIC-GAP-0095,SB-SPEC-IMPLEMENTATION-0132,reference_compatibility,reference_core_framework_gate;reference_seed_gate;reference_datatype_gate;reference_index_translation_gate;reference_diagnostic_rendering_gate;reference_metadata_overlay_gate;reference_migration_cdc_gate;reference_sandbox_bridge_gate;reference_release_regression_gate;reference_original_regression_gate;reference_relational_family_gate;reference_analytic_family_gate;reference_nosql_family_gate;reference_distributed_family_gate;reference_capability_reference_gate,artifacts/REFERENCE_REGRESSION_POLICY.md;artifacts/P6_REFERENCE_COMPATIBILITY_CLOSURE_EVIDENCE.md,project/src/parsers/compatibility;project/src/udr;project/tests/reference_regression;docs/reference/reference_catalog_seeds,Reference target row is implemented in full with reference-core/family/original-regression or capability-reference refusal gate evidence,implemented_in_full
SB-PUBLIC-GAP-0096,SB-SPEC-IMPLEMENTATION-0133,reference_compatibility,reference_core_framework_gate;reference_seed_gate;reference_datatype_gate;reference_index_translation_gate;reference_diagnostic_rendering_gate;reference_metadata_overlay_gate;reference_migration_cdc_gate;reference_sandbox_bridge_gate;reference_release_regression_gate;reference_original_regression_gate;reference_relational_family_gate;reference_analytic_family_gate;reference_nosql_family_gate;reference_distributed_family_gate;reference_capability_reference_gate,artifacts/REFERENCE_REGRESSION_POLICY.md;artifacts/P6_REFERENCE_COMPATIBILITY_CLOSURE_EVIDENCE.md,project/src/parsers/compatibility;project/src/udr;project/tests/reference_regression;docs/reference/reference_catalog_seeds,Reference target row is implemented in full with reference-core/family/original-regression or capability-reference refusal gate evidence,implemented_in_full
SB-PUBLIC-GAP-0097,SB-SPEC-IMPLEMENTATION-0134,reference_compatibility,reference_core_framework_gate;reference_seed_gate;reference_datatype_gate;reference_index_translation_gate;reference_diagnostic_rendering_gate;reference_metadata_overlay_gate;reference_migration_cdc_gate;reference_sandbox_bridge_gate;reference_release_regression_gate;reference_original_regression_gate;reference_relational_family_gate;reference_analytic_family_gate;reference_nosql_family_gate;reference_distributed_family_gate;reference_capability_reference_gate,artifacts/REFERENCE_REGRESSION_POLICY.md;artifacts/P6_REFERENCE_COMPATIBILITY_CLOSURE_EVIDENCE.md,project/src/parsers/compatibility;project/src/udr;project/tests/reference_regression;docs/reference/reference_catalog_seeds,Reference target row is implemented in full with reference-core/family/original-regression or capability-reference refusal gate evidence,implemented_in_full
SB-PUBLIC-GAP-0098,SB-SPEC-IMPLEMENTATION-0135,reference_compatibility,reference_core_framework_gate;reference_seed_gate;reference_datatype_gate;reference_index_translation_gate;reference_diagnostic_rendering_gate;reference_metadata_overlay_gate;reference_migration_cdc_gate;reference_sandbox_bridge_gate;reference_release_regression_gate;reference_original_regression_gate;reference_relational_family_gate;reference_analytic_family_gate;reference_nosql_family_gate;reference_distributed_family_gate;reference_capability_reference_gate,artifacts/REFERENCE_REGRESSION_POLICY.md;artifacts/P6_REFERENCE_COMPATIBILITY_CLOSURE_EVIDENCE.md,project/src/parsers/compatibility;project/src/udr;project/tests/reference_regression;docs/reference/reference_catalog_seeds,Reference target row is implemented in full with reference-core/family/original-regression or capability-reference refusal gate evidence,implemented_in_full
SB-PUBLIC-GAP-0099,SB-SPEC-IMPLEMENTATION-0136,reference_compatibility,reference_core_framework_gate;reference_seed_gate;reference_datatype_gate;reference_index_translation_gate;reference_diagnostic_rendering_gate;reference_metadata_overlay_gate;reference_migration_cdc_gate;reference_sandbox_bridge_gate;reference_release_regression_gate;reference_original_regression_gate;reference_relational_family_gate;reference_analytic_family_gate;reference_nosql_family_gate;reference_distributed_family_gate;reference_capability_reference_gate,artifacts/REFERENCE_REGRESSION_POLICY.md;artifacts/P6_REFERENCE_COMPATIBILITY_CLOSURE_EVIDENCE.md,project/src/parsers/compatibility;project/src/udr;project/tests/reference_regression;docs/reference/reference_catalog_seeds,Reference target row is implemented in full with reference-core/family/original-regression or capability-reference refusal gate evidence,implemented_in_full
SB-PUBLIC-GAP-0100,SB-SPEC-IMPLEMENTATION-0137,reference_compatibility,reference_core_framework_gate;reference_seed_gate;reference_datatype_gate;reference_index_translation_gate;reference_diagnostic_rendering_gate;reference_metadata_overlay_gate;reference_migration_cdc_gate;reference_sandbox_bridge_gate;reference_release_regression_gate;reference_original_regression_gate;reference_relational_family_gate;reference_analytic_family_gate;reference_nosql_family_gate;reference_distributed_family_gate;reference_capability_reference_gate,artifacts/REFERENCE_REGRESSION_POLICY.md;artifacts/P6_REFERENCE_COMPATIBILITY_CLOSURE_EVIDENCE.md,project/src/parsers/compatibility;project/src/udr;project/tests/reference_regression;docs/reference/reference_catalog_seeds,Reference target row is implemented in full with reference-core/family/original-regression or capability-reference refusal gate evidence,implemented_in_full
SB-PUBLIC-GAP-0101,SB-SPEC-IMPLEMENTATION-0138,reference_compatibility,reference_core_framework_gate;reference_seed_gate;reference_datatype_gate;reference_index_translation_gate;reference_diagnostic_rendering_gate;reference_metadata_overlay_gate;reference_migration_cdc_gate;reference_sandbox_bridge_gate;reference_release_regression_gate;reference_original_regression_gate;reference_relational_family_gate;reference_analytic_family_gate;reference_nosql_family_gate;reference_distributed_family_gate;reference_capability_reference_gate,artifacts/REFERENCE_REGRESSION_POLICY.md;artifacts/P6_REFERENCE_COMPATIBILITY_CLOSURE_EVIDENCE.md,project/src/parsers/compatibility;project/src/udr;project/tests/reference_regression;docs/reference/reference_catalog_seeds,Reference target row is implemented in full with reference-core/family/original-regression or capability-reference refusal gate evidence,implemented_in_full
SB-PUBLIC-GAP-0102,SB-SPEC-IMPLEMENTATION-0139,reference_compatibility,reference_core_framework_gate;reference_seed_gate;reference_datatype_gate;reference_index_translation_gate;reference_diagnostic_rendering_gate;reference_metadata_overlay_gate;reference_migration_cdc_gate;reference_sandbox_bridge_gate;reference_release_regression_gate;reference_original_regression_gate;reference_relational_family_gate;reference_analytic_family_gate;reference_nosql_family_gate;reference_distributed_family_gate;reference_capability_reference_gate,artifacts/REFERENCE_REGRESSION_POLICY.md;artifacts/P6_REFERENCE_COMPATIBILITY_CLOSURE_EVIDENCE.md,project/src/parsers/compatibility;project/src/udr;project/tests/reference_regression;docs/reference/reference_catalog_seeds,Reference target row is implemented in full with reference-core/family/original-regression or capability-reference refusal gate evidence,implemented_in_full
SB-PUBLIC-GAP-0103,SB-SPEC-IMPLEMENTATION-0140,reference_compatibility,reference_core_framework_gate;reference_seed_gate;reference_datatype_gate;reference_index_translation_gate;reference_diagnostic_rendering_gate;reference_metadata_overlay_gate;reference_migration_cdc_gate;reference_sandbox_bridge_gate;reference_release_regression_gate;reference_original_regression_gate;reference_relational_family_gate;reference_analytic_family_gate;reference_nosql_family_gate;reference_distributed_family_gate;reference_capability_reference_gate,artifacts/REFERENCE_REGRESSION_POLICY.md;artifacts/P6_REFERENCE_COMPATIBILITY_CLOSURE_EVIDENCE.md,project/src/parsers/compatibility;project/src/udr;project/tests/reference_regression;docs/reference/reference_catalog_seeds,Reference target row is implemented in full with reference-core/family/original-regression or capability-reference refusal gate evidence,implemented_in_full
SB-PUBLIC-GAP-0104,SB-SPEC-IMPLEMENTATION-0141,reference_compatibility,reference_core_framework_gate;reference_seed_gate;reference_datatype_gate;reference_index_translation_gate;reference_diagnostic_rendering_gate;reference_metadata_overlay_gate;reference_migration_cdc_gate;reference_sandbox_bridge_gate;reference_release_regression_gate;reference_original_regression_gate;reference_relational_family_gate;reference_analytic_family_gate;reference_nosql_family_gate;reference_distributed_family_gate;reference_capability_reference_gate,artifacts/REFERENCE_REGRESSION_POLICY.md;artifacts/P6_REFERENCE_COMPATIBILITY_CLOSURE_EVIDENCE.md,project/src/parsers/compatibility;project/src/udr;project/tests/reference_regression;docs/reference/reference_catalog_seeds,Reference target row is implemented in full with reference-core/family/original-regression or capability-reference refusal gate evidence,implemented_in_full
SB-PUBLIC-GAP-0105,SB-SPEC-IMPLEMENTATION-0142,reference_compatibility,reference_core_framework_gate;reference_seed_gate;reference_datatype_gate;reference_index_translation_gate;reference_diagnostic_rendering_gate;reference_metadata_overlay_gate;reference_migration_cdc_gate;reference_sandbox_bridge_gate;reference_release_regression_gate;reference_original_regression_gate;reference_relational_family_gate;reference_analytic_family_gate;reference_nosql_family_gate;reference_distributed_family_gate;reference_capability_reference_gate,artifacts/REFERENCE_REGRESSION_POLICY.md;artifacts/P6_REFERENCE_COMPATIBILITY_CLOSURE_EVIDENCE.md,project/src/parsers/compatibility;project/src/udr;project/tests/reference_regression;docs/reference/reference_catalog_seeds,Reference target row is implemented in full with reference-core/family/original-regression or capability-reference refusal gate evidence,implemented_in_full
SB-PUBLIC-GAP-0106,SB-SPEC-IMPLEMENTATION-0143,reference_compatibility,reference_core_framework_gate;reference_seed_gate;reference_datatype_gate;reference_index_translation_gate;reference_diagnostic_rendering_gate;reference_metadata_overlay_gate;reference_migration_cdc_gate;reference_sandbox_bridge_gate;reference_release_regression_gate;reference_original_regression_gate;reference_relational_family_gate;reference_analytic_family_gate;reference_nosql_family_gate;reference_distributed_family_gate;reference_capability_reference_gate,artifacts/REFERENCE_REGRESSION_POLICY.md;artifacts/P6_REFERENCE_COMPATIBILITY_CLOSURE_EVIDENCE.md,project/src/parsers/compatibility;project/src/udr;project/tests/reference_regression;docs/reference/reference_catalog_seeds,Reference target row is implemented in full with reference-core/family/original-regression or capability-reference refusal gate evidence,implemented_in_full
SB-PUBLIC-GAP-0107,SB-SPEC-IMPLEMENTATION-0144,reference_compatibility,reference_core_framework_gate;reference_seed_gate;reference_datatype_gate;reference_index_translation_gate;reference_diagnostic_rendering_gate;reference_metadata_overlay_gate;reference_migration_cdc_gate;reference_sandbox_bridge_gate;reference_release_regression_gate;reference_original_regression_gate;reference_relational_family_gate;reference_analytic_family_gate;reference_nosql_family_gate;reference_distributed_family_gate;reference_capability_reference_gate,artifacts/REFERENCE_REGRESSION_POLICY.md;artifacts/P6_REFERENCE_COMPATIBILITY_CLOSURE_EVIDENCE.md,project/src/parsers/compatibility;project/src/udr;project/tests/reference_regression;docs/reference/reference_catalog_seeds,Reference target row is implemented in full with reference-core/family/original-regression or capability-reference refusal gate evidence,implemented_in_full
SB-PUBLIC-GAP-0108,SB-SPEC-IMPLEMENTATION-0145,reference_compatibility,reference_core_framework_gate;reference_seed_gate;reference_datatype_gate;reference_index_translation_gate;reference_diagnostic_rendering_gate;reference_metadata_overlay_gate;reference_migration_cdc_gate;reference_sandbox_bridge_gate;reference_release_regression_gate;reference_original_regression_gate;reference_relational_family_gate;reference_analytic_family_gate;reference_nosql_family_gate;reference_distributed_family_gate;reference_capability_reference_gate,artifacts/REFERENCE_REGRESSION_POLICY.md;artifacts/P6_REFERENCE_COMPATIBILITY_CLOSURE_EVIDENCE.md,project/src/parsers/compatibility;project/src/udr;project/tests/reference_regression;docs/reference/reference_catalog_seeds,Reference target row is implemented in full with reference-core/family/original-regression or capability-reference refusal gate evidence,implemented_in_full
SB-PUBLIC-GAP-0109,SB-SPEC-IMPLEMENTATION-0146,reference_compatibility,reference_core_framework_gate;reference_seed_gate;reference_datatype_gate;reference_index_translation_gate;reference_diagnostic_rendering_gate;reference_metadata_overlay_gate;reference_migration_cdc_gate;reference_sandbox_bridge_gate;reference_release_regression_gate;reference_original_regression_gate;reference_relational_family_gate;reference_analytic_family_gate;reference_nosql_family_gate;reference_distributed_family_gate;reference_capability_reference_gate,artifacts/REFERENCE_REGRESSION_POLICY.md;artifacts/P6_REFERENCE_COMPATIBILITY_CLOSURE_EVIDENCE.md,project/src/parsers/compatibility;project/src/udr;project/tests/reference_regression;docs/reference/reference_catalog_seeds,Reference target row is implemented in full with reference-core/family/original-regression or capability-reference refusal gate evidence,implemented_in_full
SB-PUBLIC-GAP-0110,SB-SPEC-IMPLEMENTATION-0147,reference_compatibility,reference_core_framework_gate;reference_seed_gate;reference_datatype_gate;reference_index_translation_gate;reference_diagnostic_rendering_gate;reference_metadata_overlay_gate;reference_migration_cdc_gate;reference_sandbox_bridge_gate;reference_release_regression_gate;reference_original_regression_gate;reference_relational_family_gate;reference_analytic_family_gate;reference_nosql_family_gate;reference_distributed_family_gate;reference_capability_reference_gate,artifacts/REFERENCE_REGRESSION_POLICY.md;artifacts/P6_REFERENCE_COMPATIBILITY_CLOSURE_EVIDENCE.md,project/src/parsers/compatibility;project/src/udr;project/tests/reference_regression;docs/reference/reference_catalog_seeds,Reference target row is implemented in full with reference-core/family/original-regression or capability-reference refusal gate evidence,implemented_in_full
SB-PUBLIC-GAP-0111,SB-SPEC-IMPLEMENTATION-0148,reference_compatibility,reference_core_framework_gate;reference_seed_gate;reference_datatype_gate;reference_index_translation_gate;reference_diagnostic_rendering_gate;reference_metadata_overlay_gate;reference_migration_cdc_gate;reference_sandbox_bridge_gate;reference_release_regression_gate;reference_original_regression_gate;reference_relational_family_gate;reference_analytic_family_gate;reference_nosql_family_gate;reference_distributed_family_gate;reference_capability_reference_gate,artifacts/REFERENCE_REGRESSION_POLICY.md;artifacts/P6_REFERENCE_COMPATIBILITY_CLOSURE_EVIDENCE.md,project/src/parsers/compatibility;project/src/udr;project/tests/reference_regression;docs/reference/reference_catalog_seeds,Reference target row is implemented in full with reference-core/family/original-regression or capability-reference refusal gate evidence,implemented_in_full
SB-PUBLIC-GAP-0112,SB-SPEC-IMPLEMENTATION-0149,reference_compatibility,reference_core_framework_gate;reference_seed_gate;reference_datatype_gate;reference_index_translation_gate;reference_diagnostic_rendering_gate;reference_metadata_overlay_gate;reference_migration_cdc_gate;reference_sandbox_bridge_gate;reference_release_regression_gate;reference_original_regression_gate;reference_relational_family_gate;reference_analytic_family_gate;reference_nosql_family_gate;reference_distributed_family_gate;reference_capability_reference_gate,artifacts/REFERENCE_REGRESSION_POLICY.md;artifacts/P6_REFERENCE_COMPATIBILITY_CLOSURE_EVIDENCE.md,project/src/parsers/compatibility;project/src/udr;project/tests/reference_regression;docs/reference/reference_catalog_seeds,Reference target row is implemented in full with reference-core/family/original-regression or capability-reference refusal gate evidence,implemented_in_full
SB-PUBLIC-GAP-0113,SB-SPEC-IMPLEMENTATION-0150,reference_compatibility,reference_core_framework_gate;reference_seed_gate;reference_datatype_gate;reference_index_translation_gate;reference_diagnostic_rendering_gate;reference_metadata_overlay_gate;reference_migration_cdc_gate;reference_sandbox_bridge_gate;reference_release_regression_gate;reference_original_regression_gate;reference_relational_family_gate;reference_analytic_family_gate;reference_nosql_family_gate;reference_distributed_family_gate;reference_capability_reference_gate,artifacts/REFERENCE_REGRESSION_POLICY.md;artifacts/P6_REFERENCE_COMPATIBILITY_CLOSURE_EVIDENCE.md,project/src/parsers/compatibility;project/src/udr;project/tests/reference_regression;docs/reference/reference_catalog_seeds,Reference target row is implemented in full with reference-core/family/original-regression or capability-reference refusal gate evidence,implemented_in_full
SB-PUBLIC-GAP-0114,SB-SPEC-IMPLEMENTATION-0151,reference_compatibility,reference_core_framework_gate;reference_seed_gate;reference_datatype_gate;reference_index_translation_gate;reference_diagnostic_rendering_gate;reference_metadata_overlay_gate;reference_migration_cdc_gate;reference_sandbox_bridge_gate;reference_release_regression_gate;reference_original_regression_gate;reference_relational_family_gate;reference_analytic_family_gate;reference_nosql_family_gate;reference_distributed_family_gate;reference_capability_reference_gate,artifacts/REFERENCE_REGRESSION_POLICY.md;artifacts/P6_REFERENCE_COMPATIBILITY_CLOSURE_EVIDENCE.md,project/src/parsers/compatibility;project/src/udr;project/tests/reference_regression;docs/reference/reference_catalog_seeds,Reference target row is implemented in full with reference-core/family/original-regression or capability-reference refusal gate evidence,implemented_in_full
SB-PUBLIC-GAP-0115,SB-SPEC-IMPLEMENTATION-0152,reference_compatibility,reference_core_framework_gate;reference_seed_gate;reference_datatype_gate;reference_index_translation_gate;reference_diagnostic_rendering_gate;reference_metadata_overlay_gate;reference_migration_cdc_gate;reference_sandbox_bridge_gate;reference_release_regression_gate;reference_original_regression_gate;reference_relational_family_gate;reference_analytic_family_gate;reference_nosql_family_gate;reference_distributed_family_gate;reference_capability_reference_gate,artifacts/REFERENCE_REGRESSION_POLICY.md;artifacts/P6_REFERENCE_COMPATIBILITY_CLOSURE_EVIDENCE.md,project/src/parsers/compatibility;project/src/udr;project/tests/reference_regression;docs/reference/reference_catalog_seeds,Reference target row is implemented in full with reference-core/family/original-regression or capability-reference refusal gate evidence,implemented_in_full
SB-PUBLIC-GAP-0116,SB-SPEC-IMPLEMENTATION-0153,reference_compatibility,reference_core_framework_gate;reference_seed_gate;reference_datatype_gate;reference_index_translation_gate;reference_diagnostic_rendering_gate;reference_metadata_overlay_gate;reference_migration_cdc_gate;reference_sandbox_bridge_gate;reference_release_regression_gate;reference_original_regression_gate;reference_relational_family_gate;reference_analytic_family_gate;reference_nosql_family_gate;reference_distributed_family_gate;reference_capability_reference_gate,artifacts/REFERENCE_REGRESSION_POLICY.md;artifacts/P6_REFERENCE_COMPATIBILITY_CLOSURE_EVIDENCE.md,project/src/parsers/compatibility;project/src/udr;project/tests/reference_regression;docs/reference/reference_catalog_seeds,Reference target row is implemented in full with reference-core/family/original-regression or capability-reference refusal gate evidence,implemented_in_full
SB-PUBLIC-GAP-0117,SB-SPEC-IMPLEMENTATION-0154,reference_compatibility,reference_core_framework_gate;reference_seed_gate;reference_datatype_gate;reference_index_translation_gate;reference_diagnostic_rendering_gate;reference_metadata_overlay_gate;reference_migration_cdc_gate;reference_sandbox_bridge_gate;reference_release_regression_gate;reference_original_regression_gate;reference_relational_family_gate;reference_analytic_family_gate;reference_nosql_family_gate;reference_distributed_family_gate;reference_capability_reference_gate,artifacts/REFERENCE_REGRESSION_POLICY.md;artifacts/P6_REFERENCE_COMPATIBILITY_CLOSURE_EVIDENCE.md,project/src/parsers/compatibility;project/src/udr;project/tests/reference_regression;docs/reference/reference_catalog_seeds,Reference target row is implemented in full with reference-core/family/original-regression or capability-reference refusal gate evidence,implemented_in_full
SB-PUBLIC-GAP-0118,SB-SPEC-IMPLEMENTATION-0155,reference_compatibility,reference_core_framework_gate;reference_seed_gate;reference_datatype_gate;reference_index_translation_gate;reference_diagnostic_rendering_gate;reference_metadata_overlay_gate;reference_migration_cdc_gate;reference_sandbox_bridge_gate;reference_release_regression_gate;reference_original_regression_gate;reference_relational_family_gate;reference_analytic_family_gate;reference_nosql_family_gate;reference_distributed_family_gate;reference_capability_reference_gate,artifacts/REFERENCE_REGRESSION_POLICY.md;artifacts/P6_REFERENCE_COMPATIBILITY_CLOSURE_EVIDENCE.md,project/src/parsers/compatibility;project/src/udr;project/tests/reference_regression;docs/reference/reference_catalog_seeds,Reference target row is implemented in full with reference-core/family/original-regression or capability-reference refusal gate evidence,implemented_in_full
SB-PUBLIC-GAP-0119,SB-SPEC-IMPLEMENTATION-0156,reference_compatibility,reference_core_framework_gate;reference_seed_gate;reference_datatype_gate;reference_index_translation_gate;reference_diagnostic_rendering_gate;reference_metadata_overlay_gate;reference_migration_cdc_gate;reference_sandbox_bridge_gate;reference_release_regression_gate;reference_original_regression_gate;reference_relational_family_gate;reference_analytic_family_gate;reference_nosql_family_gate;reference_distributed_family_gate;reference_capability_reference_gate,artifacts/REFERENCE_REGRESSION_POLICY.md;artifacts/P6_REFERENCE_COMPATIBILITY_CLOSURE_EVIDENCE.md,project/src/parsers/compatibility;project/src/udr;project/tests/reference_regression;docs/reference/reference_catalog_seeds,Reference target row is implemented in full with reference-core/family/original-regression or capability-reference refusal gate evidence,implemented_in_full
SB-PUBLIC-GAP-0120,SB-SPEC-IMPLEMENTATION-0157,reference_compatibility,reference_core_framework_gate;reference_seed_gate;reference_datatype_gate;reference_index_translation_gate;reference_diagnostic_rendering_gate;reference_metadata_overlay_gate;reference_migration_cdc_gate;reference_sandbox_bridge_gate;reference_release_regression_gate;reference_original_regression_gate;reference_relational_family_gate;reference_analytic_family_gate;reference_nosql_family_gate;reference_distributed_family_gate;reference_capability_reference_gate,artifacts/REFERENCE_REGRESSION_POLICY.md;artifacts/P6_REFERENCE_COMPATIBILITY_CLOSURE_EVIDENCE.md,project/src/parsers/compatibility;project/src/udr;project/tests/reference_regression;docs/reference/reference_catalog_seeds,Reference target row is implemented in full with reference-core/family/original-regression or capability-reference refusal gate evidence,implemented_in_full
SB-PUBLIC-GAP-0121,SB-SPEC-IMPLEMENTATION-0158,reference_compatibility,reference_core_framework_gate;reference_seed_gate;reference_datatype_gate;reference_index_translation_gate;reference_diagnostic_rendering_gate;reference_metadata_overlay_gate;reference_migration_cdc_gate;reference_sandbox_bridge_gate;reference_release_regression_gate;reference_original_regression_gate;reference_relational_family_gate;reference_analytic_family_gate;reference_nosql_family_gate;reference_distributed_family_gate;reference_capability_reference_gate,artifacts/REFERENCE_REGRESSION_POLICY.md;artifacts/P6_REFERENCE_COMPATIBILITY_CLOSURE_EVIDENCE.md,project/src/parsers/compatibility;project/src/udr;project/tests/reference_regression;docs/reference/reference_catalog_seeds,Reference target row is implemented in full with reference-core/family/original-regression or capability-reference refusal gate evidence,implemented_in_full
SB-PUBLIC-GAP-0122,SB-SPEC-IMPLEMENTATION-0159,reference_compatibility,reference_core_framework_gate;reference_seed_gate;reference_datatype_gate;reference_index_translation_gate;reference_diagnostic_rendering_gate;reference_metadata_overlay_gate;reference_migration_cdc_gate;reference_sandbox_bridge_gate;reference_release_regression_gate;reference_original_regression_gate;reference_relational_family_gate;reference_analytic_family_gate;reference_nosql_family_gate;reference_distributed_family_gate;reference_capability_reference_gate,artifacts/REFERENCE_REGRESSION_POLICY.md;artifacts/P6_REFERENCE_COMPATIBILITY_CLOSURE_EVIDENCE.md,project/src/parsers/compatibility;project/src/udr;project/tests/reference_regression;docs/reference/reference_catalog_seeds,Reference target row is implemented in full with reference-core/family/original-regression or capability-reference refusal gate evidence,implemented_in_full
SB-PUBLIC-GAP-0123,SB-SPEC-IMPLEMENTATION-0160,reference_compatibility,reference_core_framework_gate;reference_seed_gate;reference_datatype_gate;reference_index_translation_gate;reference_diagnostic_rendering_gate;reference_metadata_overlay_gate;reference_migration_cdc_gate;reference_sandbox_bridge_gate;reference_release_regression_gate;reference_original_regression_gate;reference_relational_family_gate;reference_analytic_family_gate;reference_nosql_family_gate;reference_distributed_family_gate;reference_capability_reference_gate,artifacts/REFERENCE_REGRESSION_POLICY.md;artifacts/P6_REFERENCE_COMPATIBILITY_CLOSURE_EVIDENCE.md,project/src/parsers/compatibility;project/src/udr;project/tests/reference_regression;docs/reference/reference_catalog_seeds,Reference target row is implemented in full with reference-core/family/original-regression or capability-reference refusal gate evidence,implemented_in_full
SB-PUBLIC-GAP-0124,SB-SPEC-IMPLEMENTATION-0161,reference_compatibility,reference_core_framework_gate;reference_seed_gate;reference_datatype_gate;reference_index_translation_gate;reference_diagnostic_rendering_gate;reference_metadata_overlay_gate;reference_migration_cdc_gate;reference_sandbox_bridge_gate;reference_release_regression_gate;reference_original_regression_gate;reference_relational_family_gate;reference_analytic_family_gate;reference_nosql_family_gate;reference_distributed_family_gate;reference_capability_reference_gate,artifacts/REFERENCE_REGRESSION_POLICY.md;artifacts/P6_REFERENCE_COMPATIBILITY_CLOSURE_EVIDENCE.md,project/src/parsers/compatibility;project/src/udr;project/tests/reference_regression;docs/reference/reference_catalog_seeds,Reference target row is implemented in full with reference-core/family/original-regression or capability-reference refusal gate evidence,implemented_in_full
SB-PUBLIC-GAP-0125,SB-SPEC-IMPLEMENTATION-0162,reference_compatibility,reference_core_framework_gate;reference_seed_gate;reference_datatype_gate;reference_index_translation_gate;reference_diagnostic_rendering_gate;reference_metadata_overlay_gate;reference_migration_cdc_gate;reference_sandbox_bridge_gate;reference_release_regression_gate;reference_original_regression_gate;reference_relational_family_gate;reference_analytic_family_gate;reference_nosql_family_gate;reference_distributed_family_gate;reference_capability_reference_gate,artifacts/REFERENCE_REGRESSION_POLICY.md;artifacts/P6_REFERENCE_COMPATIBILITY_CLOSURE_EVIDENCE.md,project/src/parsers/compatibility;project/src/udr;project/tests/reference_regression;docs/reference/reference_catalog_seeds,Reference target row is implemented in full with reference-core/family/original-regression or capability-reference refusal gate evidence,implemented_in_full
SB-PUBLIC-GAP-0126,SB-SPEC-IMPLEMENTATION-0163,reference_compatibility,reference_core_framework_gate;reference_seed_gate;reference_datatype_gate;reference_index_translation_gate;reference_diagnostic_rendering_gate;reference_metadata_overlay_gate;reference_migration_cdc_gate;reference_sandbox_bridge_gate;reference_release_regression_gate;reference_original_regression_gate;reference_relational_family_gate;reference_analytic_family_gate;reference_nosql_family_gate;reference_distributed_family_gate;reference_capability_reference_gate,artifacts/REFERENCE_REGRESSION_POLICY.md;artifacts/P6_REFERENCE_COMPATIBILITY_CLOSURE_EVIDENCE.md,project/src/parsers/compatibility;project/src/udr;project/tests/reference_regression;docs/reference/reference_catalog_seeds,Reference target row is implemented in full with reference-core/family/original-regression or capability-reference refusal gate evidence,implemented_in_full
SB-PUBLIC-GAP-0127,SB-SPEC-IMPLEMENTATION-0164,reference_compatibility,reference_core_framework_gate;reference_seed_gate;reference_datatype_gate;reference_index_translation_gate;reference_diagnostic_rendering_gate;reference_metadata_overlay_gate;reference_migration_cdc_gate;reference_sandbox_bridge_gate;reference_release_regression_gate;reference_original_regression_gate;reference_relational_family_gate;reference_analytic_family_gate;reference_nosql_family_gate;reference_distributed_family_gate;reference_capability_reference_gate,artifacts/REFERENCE_REGRESSION_POLICY.md;artifacts/P6_REFERENCE_COMPATIBILITY_CLOSURE_EVIDENCE.md,project/src/parsers/compatibility;project/src/udr;project/tests/reference_regression;docs/reference/reference_catalog_seeds,Reference target row is implemented in full with reference-core/family/original-regression or capability-reference refusal gate evidence,implemented_in_full
SB-PUBLIC-GAP-0128,SB-SPEC-IMPLEMENTATION-0165,reference_compatibility,reference_core_framework_gate;reference_seed_gate;reference_datatype_gate;reference_index_translation_gate;reference_diagnostic_rendering_gate;reference_metadata_overlay_gate;reference_migration_cdc_gate;reference_sandbox_bridge_gate;reference_release_regression_gate;reference_original_regression_gate;reference_relational_family_gate;reference_analytic_family_gate;reference_nosql_family_gate;reference_distributed_family_gate;reference_capability_reference_gate,artifacts/REFERENCE_REGRESSION_POLICY.md;artifacts/P6_REFERENCE_COMPATIBILITY_CLOSURE_EVIDENCE.md,project/src/parsers/compatibility;project/src/udr;project/tests/reference_regression;docs/reference/reference_catalog_seeds,Reference target row is implemented in full with reference-core/family/original-regression or capability-reference refusal gate evidence,implemented_in_full
