timestamp_utc,agent,phase,current_slice,status,blocked_by,last_update,next_action,evidence_refs
2026-05-10T00:00:00Z,coordinator,P0,DSR-009,completed,,P0 execution_plan creation artifacts exist and are ready for hardening validation,Run driver_server_reconciliation_checklist_structure_gate and driver_server_reconciliation_hardening_gate,project/drivers/fixtures/driver_server_reconciliation/public_proof/artifacts/TARGET_EVIDENCE_MANIFEST.csv;project/drivers/fixtures/driver_server_reconciliation/public_proof/artifacts/AGENT_WRITE_SCOPE_MATRIX.csv
2026-05-10T00:00:00Z,coordinator,P0,DSR-009,completed,,Checklist structure hardening and PEER fail-closed regression gates passed,Next implementation step is P1 spec authority closure; do not start P1 without explicit continue/implement instruction,project/drivers/fixtures/driver_server_reconciliation/public_proof/artifacts/P0_EXECUTION_PLAN_CREATION_EVIDENCE.md
2026-05-10T00:00:00Z,spec_registry_agent,P1,DSR-010,pending,DSR-010,Driver core spec closure has not started,Author specs that cite every driver checklist row,public_contract_snapshot
2026-05-10T00:00:00Z,wire_spec_agent,P1,DSR-011,pending,DSR-011,Native wire/session authority has not started,Author byte-level session and execution wire specs,public_contract_snapshot
2026-05-10T00:00:00Z,security_agent,P1,DSR-013,pending,DSR-013,Auth registry reconciliation has not started,Back-port auth methods/providers and fail-closed states,public_contract_snapshot;public_contract_snapshot
2026-05-10T00:00:00Z,datatype_metadata_agent,P1,DSR-014,pending,DSR-014,Parameter result type and metadata authority has not started,Author type and metadata wire closure specs,project/drivers/fixtures/driver_server_reconciliation/public_proof/artifacts/DATATYPE_RESULT_METADATA_CLOSURE_MODEL.md
2026-05-10T00:00:00Z,driver_lane_agent,P3,DSR-030,pending,DSR-030,Driver lane row-status manifests have not started,Create row-status YAML for each driver and adapter lane,public_contract_snapshot
2026-05-10T00:00:00Z,verification_agent,P4,DSR-040,pending,DSR-040,Server verification packet execution has not started,Run CTest full-route and server-verification gates,project/drivers/fixtures/driver_server_reconciliation/public_proof/VALIDATION_PLAN.md
2026-05-10T18:52:24Z,coordinator,P0,DSR-018;DSR-019;DSR-025;DSR-033;DSR-043;DSR-044;DSR-045;DSR-052,completed,,Additional hardening slices were added to tracker gates dependencies validation and artifact models,Start P1 only after explicit implementation instruction,project/drivers/fixtures/driver_server_reconciliation/public_proof/TRACKER.csv;project/drivers/fixtures/driver_server_reconciliation/public_proof/ACCEPTANCE_GATES.csv
2026-05-10T18:58:13Z,coordinator,P1,DSR-010;DSR-011;DSR-013;DSR-014;DSR-015;DSR-016;DSR-017;DSR-018;DSR-019,in_progress,,P1 agents launched for driver core wire security datatype metadata SBLR matrix and refusal authority,Monitor agent results and integrate P1 closure before P2,project/drivers/fixtures/driver_server_reconciliation/public_proof/TRACKER.csv
2026-05-10T19:05:35Z,coordinator,P1,DSR-010;DSR-011;DSR-013;DSR-014;DSR-015;DSR-016;DSR-017;DSR-018;DSR-019,in_progress,,Five-minute heartbeat: P1 agents still running and coordinator has not advanced to P2,Continue monitoring and prepare P2 implementation context,project/drivers/fixtures/driver_server_reconciliation/public_proof/artifacts/AGENT_STATUS.csv
2026-05-10T19:15:49Z,coordinator,P1,DSR-010;DSR-011;DSR-013;DSR-014;DSR-015;DSR-016;DSR-017;DSR-018;DSR-019,completed,,P1 spec authority closure completed and target checklist spec_status updated to specified,Start P2 implementation reconciliation agents,project/drivers/fixtures/driver_server_reconciliation/public_proof/TRACKER.csv;project/drivers/fixtures/driver_server_reconciliation/public_proof/ACCEPTANCE_GATES.csv;project/drivers/fixtures/driver_server_reconciliation/public_proof/artifacts/TARGET_CHECKLIST_ROWS.csv
2026-05-10T19:17:25Z,coordinator,P2,DSR-020;DSR-021;DSR-022;DSR-023;DSR-024;DSR-025,in_progress,,P2 implementation reconciliation starting after committed P1 checkpoint f2f2a661,Launch disjoint implementation agents and monitor every five minutes,project/drivers/fixtures/driver_server_reconciliation/public_proof/TRACKER.csv
2026-05-10T19:23:23Z,coordinator,P2,DSR-020;DSR-021;DSR-022;DSR-023;DSR-024;DSR-025,in_progress,,Five-minute heartbeat: P2 agents still running with no completed handoff yet,Continue monitoring and integrate completed agents as they return,project/drivers/fixtures/driver_server_reconciliation/public_proof/artifacts/AGENT_STATUS.csv
2026-05-10T19:28:40Z,coordinator,P2,DSR-020;DSR-021;DSR-022;DSR-023;DSR-024;DSR-025,in_progress,,Five-minute heartbeat: P2 agents still running and coordinator has not advanced to P3,Continue waiting for implementation handoffs,project/drivers/fixtures/driver_server_reconciliation/public_proof/artifacts/AGENT_STATUS.csv
2026-05-10T19:34:02Z,coordinator,P2,DSR-020;DSR-021;DSR-022;DSR-023;DSR-024;DSR-025,in_progress,,Five-minute heartbeat: P2 agents still running with no returned status,Continue waiting and do not duplicate agent-owned code edits,project/drivers/fixtures/driver_server_reconciliation/public_proof/artifacts/AGENT_STATUS.csv
2026-05-10T19:35:55Z,coordinator,P2,DSR-020,completed,,DSR-020 manager/listener slice validated by scoped diff MGA gate and targeted manager/listener CTests,Wait for remaining P2 agents before phase close,project/src/manager;project/src/listener;project/tests/manager;project/tests/listener
2026-05-10T19:36:47Z,coordinator,P2,DSR-022,completed,,DSR-022 security/auth slice validated by scoped diff MGA gate and targeted security CTests,Wait for remaining P2 agents before phase close,project/src/engine/internal_api/security;project/src/server/config_policy_security_lifecycle.cpp;project/tests/database_lifecycle/security_auth_audit_p4_conformance.cpp
2026-05-10T19:38:50Z,coordinator,P2,DSR-023,completed,,DSR-023 datatype metadata slice validated by scoped diff MGA gate targeted build and metadata CTests,Wait for remaining P2 agents before phase close,project/src/core/datatypes;project/src/engine/internal_api/catalog;project/tests/database_lifecycle
2026-05-10T19:43:14Z,coordinator,P2,DSR-021;DSR-024;DSR-025,in_progress,,Five-minute heartbeat: DSR-020 DSR-022 DSR-023 complete and native wire plus MGA/fault agents still running,Continue waiting for final P2 handoffs,project/drivers/fixtures/driver_server_reconciliation/public_proof/artifacts/AGENT_STATUS.csv
2026-05-10T19:48:51Z,coordinator,P2,DSR-021;DSR-024;DSR-025,in_progress,,Five-minute heartbeat: DSR-021 native wire handoff received and MGA transaction regression still requires coordinator investigation,Validate native wire locally then fix DSR-024/025 regression before phase close,project/drivers/fixtures/driver_server_reconciliation/public_proof/artifacts/AGENT_STATUS.csv
2026-05-10T19:50:40Z,coordinator,P2,DSR-021,completed,,DSR-021 native wire slice validated by build scoped diff scoped MGA gate and 16 targeted native-wire/full-route CTests,Continue DSR-024/025 transaction and fault closure,project/src/parsers/sbsql_worker/wire;project/src/parsers/native/v3/worker;project/src/server/sbps.cpp;project/src/server/ipc_server.cpp;project/tests/sbsql_parser_worker/sbsql_native_wire_p1_conformance.cpp
2026-05-10T19:54:03Z,coordinator,P2,DSR-024;DSR-025,completed,,DSR-024 and DSR-025 validated by transaction regression direct probe malicious fuzz no-WAL/no-direct-db fault injection manager fuzz and wire-driver CTests,Advance to P3 driver lane manifests after P2 phase gate,project/src/server/session_registry.cpp;project/src/server/sblr_admission.cpp;project/tests/mga_transaction_regression;project/tests/sbsql_parser_worker/generated/hardening;project/tools/sb_engine_api_transaction_semantics_probe/main.cpp
2026-05-10T19:55:12Z,coordinator,P2,DSR-020;DSR-021;DSR-022;DSR-023;DSR-024;DSR-025,completed,,P2 phase gates DSR_G07 and DSR_G16 completed and dependencies/audit matrix aligned,Start P3 driver and adapter lane evidence manifests,project/drivers/fixtures/driver_server_reconciliation/public_proof/ACCEPTANCE_GATES.csv;project/drivers/fixtures/driver_server_reconciliation/public_proof/SPEC_IMPLEMENTATION_AUDIT_MATRIX.csv;project/drivers/fixtures/driver_server_reconciliation/public_proof/DEPENDENCIES.csv
2026-05-10T19:57:29Z,coordinator,P3,DSR-030;DSR-031;DSR-032;DSR-033,in_progress,,P3 agents launched for row-status manifests and CTest/package evidence gates,Monitor agents and validate before marking P3 complete,public_contract_snapshot;project/drivers/scripts;project/drivers/CMakeLists.txt;project/drivers/fixtures/driver_server_reconciliation/public_proof/artifacts/PACKAGING_DISTRIBUTION_EVIDENCE_MODEL.md
2026-05-10T20:03:00Z,coordinator,P3,DSR-030;DSR-031;DSR-032;DSR-033,in_progress,,Five-minute heartbeat: P3 row-status and CTest/package agents still running,Continue monitoring without touching agent-owned paths,project/drivers/fixtures/driver_server_reconciliation/public_proof/artifacts/AGENT_STATUS.csv
2026-05-10T20:13:24Z,coordinator,P3,DSR-030;DSR-031;DSR-032;DSR-033,in_progress,,Five-minute heartbeat: row-status and CTest gate agents completed but package-evidence follow-up agent is still adding manifest evidence,Wait for package-evidence handoff then rerun P3 gates,public_contract_snapshot;project/drivers/CMakeLists.txt;project/drivers/scripts/driver_status_package_gate.py
2026-05-10T20:14:18Z,coordinator,P3,DSR-030;DSR-031;DSR-032;DSR-033,completed,,P3 completed after 34 row-status manifests package_evidence entries DSR-030 through DSR-033 CTests driver_status_package_gate all scoped diff and MGA gates passed,Advance to P4 route benchmark performance docs reference-driver gates,public_contract_snapshot;project/drivers/scripts/driver_status_package_gate.py;project/drivers/CMakeLists.txt;project/drivers/fixtures/driver_server_reconciliation/public_proof/artifacts/PACKAGING_DISTRIBUTION_EVIDENCE_MODEL.md
2026-05-10T20:16:03Z,coordinator,P4,DSR-040;DSR-041;DSR-043;DSR-044;DSR-045,in_progress,,P4 agents launched for server verification full-route benchmark performance documentation samples and reference-driver route gates,Monitor agents and validate before marking P4 complete,project/drivers/scripts;project/drivers/CMakeLists.txt;project/drivers/fixtures/driver_server_reconciliation/public_proof/artifacts
2026-05-10T20:23:21Z,coordinator,P4,DSR-040;DSR-041;DSR-043;DSR-044;DSR-045,in_progress,,Five-minute heartbeat: P4 agents have not returned final handoff and coordinator observed partial P4 artifacts in the worktree,Continue monitoring and validate/merge CMake gate registrations after agent handoff,project/drivers/scripts;project/drivers/CMakeLists.txt;project/drivers/fixtures/driver_server_reconciliation/public_proof/artifacts
2026-05-10T20:52:36Z,coordinator,P4,DSR-040;DSR-041;DSR-042;DSR-043;DSR-044;DSR-045,completed,,P4 completed after server verification benchmark performance docs reference implementation-ahead and full driver-label gates passed with Mojo executing through pixi rather than skipping,Advance to P5 release declaration inventory sync and final audit,project/drivers/scripts;project/drivers/CMakeLists.txt;project/drivers/fixtures/driver_server_reconciliation/public_proof/artifacts
2026-05-10T20:54:41Z,coordinator,P5,DSR-050;DSR-051;DSR-052,completed,,P5 completed after release declaration generation inventory registry sync final audit and closure report,Run final CTest release gates scoped MGA gate and diff checks before commit,project/drivers/fixtures/driver_server_reconciliation/public_proof/artifacts/DRIVER_SERVER_RELEASE_DECLARATION.json;project/drivers/fixtures/driver_server_reconciliation/public_proof/FINAL_AUDIT.md;project/drivers/fixtures/driver_server_reconciliation/public_proof/CLOSURE_REPORT.md
